,truelabel,predictres
2015-03-02 0:00,628,1067.513668
2015-03-02 0:15,888,1025.724939
2015-03-02 0:30,642,1037.95938
2015-03-02 0:45,928,1024.413828
2015-03-02 1:00,893,1074.875436
2015-03-02 1:15,1027,1098.468764
2015-03-02 1:30,915,975.0551515
2015-03-02 1:45,963,1039.377232
2015-03-02 2:00,979,989.9666291
2015-03-02 2:15,946,1039.540754
2015-03-02 2:30,868,1018.244099
2015-03-02 2:45,1011,1038.479918
2015-03-02 3:00,1010,991.895928
2015-03-02 3:15,922,1062.37123
2015-03-02 3:30,1039,963.9855101
2015-03-02 3:45,1081,1000.51438
2015-03-02 4:00,984,1006.461224
2015-03-02 4:15,877,1031.63587
2015-03-02 4:30,979,976.560198
2015-03-02 4:45,1074,1061.170993
2015-03-02 5:00,1038,1043.264335
2015-03-02 5:15,1040,1014.039669
2015-03-02 5:30,1034,995.503154
2015-03-02 5:45,1005,996.0404029
2015-03-02 6:00,976,1013.153024
2015-03-02 6:15,1196,1006.216762
2015-03-02 6:30,1005,1062.306785
2015-03-02 6:45,1039,1018.014326
2015-03-02 7:00,1084,965.1273749
2015-03-02 7:15,1110,1025.342972
2015-03-02 7:30,981,966.6429553
2015-03-02 7:45,820,987.3420511
2015-03-02 8:00,458,998.2895583
2015-03-02 8:15,982,1064.705344
2015-03-02 8:30,987,1032.765188
2015-03-02 8:45,1028,935.1155178
2015-03-02 9:00,1092,972.9180331
2015-03-02 9:15,887,880.6993937
2015-03-02 9:30,619,904.7179406
2015-03-02 9:45,1032,1024.091385
2015-03-02 10:00,1011,1041.440524
2015-03-02 10:15,1045,985.6448925
2015-03-02 10:30,989,1010.45608
2015-03-02 10:45,1509,915.7992075
2015-03-02 11:00,874,888.6188901
2015-03-02 11:15,903,1008.871404
2015-03-02 11:30,870,1048.665197
2015-03-02 11:45,950,1078.377409
2015-03-02 12:00,1235,1003.403953
2015-03-02 12:15,1068,1112.435724
2015-03-02 12:30,1043,846.8886216
2015-03-02 12:45,725,994.7478765
2015-03-02 13:00,1008,970.4846201
2015-03-02 13:15,1016,1042.439236
2015-03-02 13:30,947,1112.902197
2015-03-02 13:45,1077,1107.740203
2015-03-02 14:00,1011,909.6110352
2015-03-02 14:15,1039,954.1254674
2015-03-02 14:30,992,993.7701496
2015-03-02 14:45,973,1025.94602
2015-03-02 15:00,985,1067.233065
2015-03-02 15:15,750,1073.372445
2015-03-02 15:30,1092,946.6556587
2015-03-02 15:45,1066,963.6089983
2015-03-02 16:00,1121,1001.195656
2015-03-02 16:15,1021,1034.58798
2015-03-02 16:30,987,1079.484148
2015-03-02 16:45,1043,1077.978204
2015-03-02 17:00,1067,976.4001759
2015-03-02 17:15,1056,1022.856075
2015-03-02 17:30,1100,1021.152504
2015-03-02 17:45,852,1020.515263
2015-03-02 18:00,952,1043.91327
2015-03-02 18:15,930,974.0956808
2015-03-02 18:30,1073,1037.450045
2015-03-02 18:45,1064,1000.46976
2015-03-02 19:00,1133,1011.900538
2015-03-02 19:15,1184,1053.149191
2015-03-02 19:30,1070,979.3524902
2015-03-02 19:45,1040,1024.045091
2015-03-02 20:00,967,1038.188108
2015-03-02 20:15,1071,1103.409577
2015-03-02 20:30,1051,1079.711819
2015-03-02 20:45,1052,1037.502867
2015-03-02 21:00,1069,1018.183449
2015-03-02 21:15,1100,1013.050216
2015-03-02 21:30,1191,1014.157272
2015-03-02 21:45,1002,1075.326646
2015-03-02 22:00,1024,1073.579479
2015-03-02 22:15,1081,1061.447544
2015-03-02 22:30,645,1061.511801
2015-03-02 22:45,992,1055.374632
2015-03-02 23:00,667,1043.312835
2015-03-02 23:15,931,1031.277434
2015-03-02 23:30,917,1068.943426
2015-03-02 23:45,962,1056.06994
2015-03-03 0:00,901,1061.702287
2015-03-03 0:15,962,1023.604913
2015-03-03 0:30,1003,1037.185982
2015-03-03 0:45,1012,1024.131688
2015-03-03 1:00,928,1074.772509
2015-03-03 1:15,993,1098.431215
2015-03-03 1:30,1042,975.0414537
2015-03-03 1:45,1354,1039.372234
2015-03-03 2:00,1055,989.9648061
2015-03-03 2:15,1161,1039.540089
2015-03-03 2:30,1032,1018.243856
2015-03-03 2:45,918,1038.479829
2015-03-03 3:00,924,991.8958957
2015-03-03 3:15,1055,1062.371218
2015-03-03 3:30,1055,963.9855058
2015-03-03 3:45,1040,1000.514379
2015-03-03 4:00,1025,1006.461223
2015-03-03 4:15,1010,1031.63587
2015-03-03 4:30,993,976.5601979
2015-03-03 4:45,764,1061.170993
2015-03-03 5:00,1059,1043.264335
2015-03-03 5:15,1086,1014.039669
2015-03-03 5:30,1243,995.503154
2015-03-03 5:45,1605,996.0404029
2015-03-03 6:00,1085,1013.153024
2015-03-03 6:15,1418,1006.216762
2015-03-03 6:30,638,1062.306785
2015-03-03 6:45,1123,1018.014326
2015-03-03 7:00,1106,965.1273749
2015-03-03 7:15,1078,1025.342972
2015-03-03 7:30,1089,966.6429553
2015-03-03 7:45,858,987.3420511
2015-03-03 8:00,875,998.2895583
2015-03-03 8:15,1030,1064.705344
2015-03-03 8:30,1120,1032.765188
2015-03-03 8:45,1034,935.1155178
2015-03-03 9:00,1191,972.9180331
2015-03-03 9:15,1341,880.6993937
2015-03-03 9:30,868,904.7179406
2015-03-03 9:45,800,1024.091385
2015-03-03 10:00,854,1041.440524
2015-03-03 10:15,988,985.6448925
2015-03-03 10:30,1231,1010.45608
2015-03-03 10:45,1090,915.7992075
2015-03-03 11:00,1136,888.6188901
2015-03-03 11:15,532,1008.871404
2015-03-03 11:30,955,1048.665197
2015-03-03 11:45,1062,1078.377409
2015-03-03 12:00,1088,1003.403953
2015-03-03 12:15,981,1112.435724
2015-03-03 12:30,1070,846.8886216
2015-03-03 12:45,1042,994.7478765
2015-03-03 13:00,999,970.4846201
2015-03-03 13:15,997,1042.439236
2015-03-03 13:30,1047,1112.902197
2015-03-03 13:45,1301,1107.740203
2015-03-03 14:00,1046,909.6110352
2015-03-03 14:15,1144,954.1254674
2015-03-03 14:30,1070,993.7701496
2015-03-03 14:45,1071,1025.94602
2015-03-03 15:00,1021,1067.233065
2015-03-03 15:15,1121,1073.372445
2015-03-03 15:30,1232,946.6556587
2015-03-03 15:45,1154,963.6089983
2015-03-03 16:00,1151,1001.195656
2015-03-03 16:15,1200,1034.58798
2015-03-03 16:30,984,1079.484148
2015-03-03 16:45,922,1077.978204
2015-03-03 17:00,1096,976.4001759
2015-03-03 17:15,1144,1022.856075
2015-03-03 17:30,1159,1021.152504
2015-03-03 17:45,1138,1020.515263
2015-03-03 18:00,1107,1043.91327
2015-03-03 18:15,1019,974.0956808
2015-03-03 18:30,1019,1037.450045
2015-03-03 18:45,1172,1000.46976
2015-03-03 19:00,1292,1011.900538
2015-03-03 19:15,1196,1053.149191
2015-03-03 19:30,1161,979.3524902
2015-03-03 19:45,1153,1024.045091
2015-03-03 20:00,1208,1038.188108
2015-03-03 20:15,964,1103.409577
2015-03-03 20:30,1068,1079.711819
2015-03-03 20:45,1220,1037.502867
2015-03-03 21:00,623,1018.183449
2015-03-03 21:15,1004,1013.050216
2015-03-03 21:30,719,1014.157272
2015-03-03 21:45,935,1075.326646
2015-03-03 22:00,951,1073.579479
2015-03-03 22:15,956,1061.447544
2015-03-03 22:30,1004,1061.511801
2015-03-03 22:45,1041,1055.374632
2015-03-03 23:00,1074,1043.312835
2015-03-03 23:15,1028,1031.277434
2015-03-03 23:30,911,1068.943426
2015-03-03 23:45,1042,1056.06994
2015-03-04 0:00,1136,1061.702287
2015-03-04 0:15,1410,1023.604913
2015-03-04 0:30,1067,1037.185982
2015-03-04 0:45,1145,1024.131688
2015-03-04 1:00,1076,1074.772509
2015-03-04 1:15,910,1098.431215
2015-03-04 1:30,1029,975.0414537
2015-03-04 1:45,971,1039.372234
2015-03-04 2:00,1005,989.9648061
2015-03-04 2:15,978,1039.540089
2015-03-04 2:30,1156,1018.243856
2015-03-04 2:45,947,1038.479829
2015-03-04 3:00,935,991.8958957
2015-03-04 3:15,1102,1062.371218
2015-03-04 3:30,1088,963.9855058
2015-03-04 3:45,1171,1000.514379
2015-03-04 4:00,1058,1006.461223
2015-03-04 4:15,1291,1031.63587
2015-03-04 4:30,1009,976.5601979
2015-03-04 4:45,1208,1061.170993
2015-03-04 5:00,567,1043.264335
2015-03-04 5:15,1123,1014.039669
2015-03-04 5:30,1163,995.503154
2015-03-04 5:45,1126,996.0404029
2015-03-04 6:00,1066,1013.153024
2015-03-04 6:15,838,1006.216762
2015-03-04 6:30,808,1062.306785
2015-03-04 6:45,1043,1018.014326
2015-03-04 7:00,1073,965.1273749
2015-03-04 7:15,1032,1025.342972
2015-03-04 7:30,1352,966.6429553
2015-03-04 7:45,1300,987.3420511
2015-03-04 8:00,894,998.2895583
2015-03-04 8:15,898,1064.705344
2015-03-04 8:30,857,1032.765188
2015-03-04 8:45,935,935.1155178
2015-03-04 9:00,1430,972.9180331
2015-03-04 9:15,1259,880.6993937
2015-03-04 9:30,1050,904.7179406
2015-03-04 9:45,819,1024.091385
2015-03-04 10:00,1022,1041.440524
2015-03-04 10:15,1417,985.6448925
2015-03-04 10:30,1110,1010.45608
2015-03-04 10:45,1088,915.7992075
2015-03-04 11:00,1146,888.6188901
2015-03-04 11:15,1007,1008.871404
2015-03-04 11:30,1104,1048.665197
2015-03-04 11:45,973,1078.377409
2015-03-04 12:00,1083,1003.403953
2015-03-04 12:15,904,1112.435724
2015-03-04 12:30,1126,846.8886216
2015-03-04 12:45,1134,994.7478765
2015-03-04 13:00,1059,970.4846201
2015-03-04 13:15,1057,1042.439236
2015-03-04 13:30,1042,1112.902197
2015-03-04 13:45,897,1107.740203
2015-03-04 14:00,1121,909.6110352
2015-03-04 14:15,1193,954.1254674
2015-03-04 14:30,1132,993.7701496
2015-03-04 14:45,1105,1025.94602
2015-03-04 15:00,1058,1067.233065
2015-03-04 15:15,957,1073.372445
2015-03-04 15:30,1109,946.6556587
2015-03-04 15:45,1216,963.6089983
2015-03-04 16:00,1255,1001.195656
2015-03-04 16:15,1297,1034.58798
2015-03-04 16:30,1135,1079.484148
2015-03-04 16:45,1057,1077.978204
2015-03-04 17:00,1011,976.4001759
2015-03-04 17:15,1095,1022.856075
2015-03-04 17:30,1294,1021.152504
2015-03-04 17:45,1134,1020.515263
2015-03-04 18:00,1234,1043.91327
2015-03-04 18:15,1166,974.0956808
2015-03-04 18:30,1162,1037.450045
2015-03-04 18:45,1130,1000.46976
2015-03-04 19:00,1181,1011.900538
2015-03-04 19:15,1220,1053.149191
2015-03-04 19:30,618,979.3524902
2015-03-04 19:45,995,1024.045091
2015-03-04 20:00,684,1038.188108
2015-03-04 20:15,957,1103.409577
2015-03-04 20:30,945,1079.711819
2015-03-04 20:45,1016,1037.502867
2015-03-04 21:00,1074,1018.183449
2015-03-04 21:15,940,1013.050216
2015-03-04 21:30,1051,1014.157272
2015-03-04 21:45,990,1075.326646
2015-03-04 22:00,921,1073.579479
2015-03-04 22:15,1070,1061.447544
2015-03-04 22:30,1109,1061.511801
2015-03-04 22:45,1082,1055.374632
2015-03-04 23:00,1045,1043.312835
2015-03-04 23:15,1015,1031.277434
2015-03-04 23:30,1003,1068.943426
2015-03-04 23:45,868,1056.06994
2015-03-05 0:00,1025,1061.702287
2015-03-05 0:15,1004,1023.604913
2015-03-05 0:30,1099,1037.185982
2015-03-05 0:45,1067,1024.131688
2015-03-05 1:00,1071,1074.772509
2015-03-05 1:15,958,1098.431215
2015-03-05 1:30,928,975.0414537
2015-03-05 1:45,1032,1039.372234
2015-03-05 2:00,1094,989.9648061
2015-03-05 2:15,1271,1039.540089
2015-03-05 2:30,1237,1018.243856
2015-03-05 2:45,1069,1038.479829
2015-03-05 3:00,1052,991.8958957
2015-03-05 3:15,1086,1062.371218
2015-03-05 3:30,507,963.9855058
2015-03-05 3:45,1119,1000.514379
2015-03-05 4:00,1237,1006.461223
2015-03-05 4:15,1306,1031.63587
2015-03-05 4:30,1107,976.5601979
2015-03-05 4:45,905,1061.170993
2015-03-05 5:00,742,1043.264335
2015-03-05 5:15,1077,1014.039669
2015-03-05 5:30,1147,995.503154
2015-03-05 5:45,1113,996.0404029
2015-03-05 6:00,1257,1013.153024
2015-03-05 6:15,1068,1006.216762
2015-03-05 6:30,856,1062.306785
2015-03-05 6:45,826,1018.014326
2015-03-05 7:00,804,965.1273749
2015-03-05 7:15,1198,1025.342972
2015-03-05 7:30,1417,966.6429553
2015-03-05 7:45,1424,987.3420511
2015-03-05 8:00,1040,998.2895583
2015-03-05 8:15,655,1064.705344
2015-03-05 8:30,1009,1032.765188
2015-03-05 8:45,1965,935.1155178
2015-03-05 9:00,1078,972.9180331
2015-03-05 9:15,1366,880.6993937
2015-03-05 9:30,1103,904.7179406
2015-03-05 9:45,1046,1024.091385
2015-03-05 10:00,1082,1041.440524
2015-03-05 10:15,958,985.6448925
2015-03-05 10:30,1086,1010.45608
2015-03-05 10:45,997,915.7992075
2015-03-05 11:00,1155,888.6188901
2015-03-05 11:15,1283,1008.871404
2015-03-05 11:30,1112,1048.665197
2015-03-05 11:45,1022,1078.377409
2015-03-05 12:00,998,1003.403953
2015-03-05 12:15,1184,1112.435724
2015-03-05 12:30,1132,846.8886216
2015-03-05 12:45,1146,994.7478765
2015-03-05 13:00,1238,970.4846201
2015-03-05 13:15,1178,1042.439236
2015-03-05 13:30,1011,1112.902197
2015-03-05 13:45,979,1107.740203
2015-03-05 14:00,1174,909.6110352
2015-03-05 14:15,1149,954.1254674
2015-03-05 14:30,1266,993.7701496
2015-03-05 14:45,1270,1025.94602
2015-03-05 15:00,985,1067.233065
2015-03-05 15:15,1129,1073.372445
2015-03-05 15:30,979,946.6556587
2015-03-05 15:45,1159,963.6089983
2015-03-05 16:00,1269,1001.195656
2015-03-05 16:15,1317,1034.58798
2015-03-05 16:30,1279,1079.484148
2015-03-05 16:45,1174,1077.978204
2015-03-05 17:00,1067,976.4001759
2015-03-05 17:15,1036,1022.856075
2015-03-05 17:30,1172,1021.152504
2015-03-05 17:45,1327,1020.515263
2015-03-05 18:00,587,1043.91327
2015-03-05 18:15,978,974.0956808
2015-03-05 18:30,698,1037.450045
2015-03-05 18:45,927,1000.46976
2015-03-05 19:00,1041,1011.900538
2015-03-05 19:15,970,1053.149191
2015-03-05 19:30,844,979.3524902
2015-03-05 19:45,1086,1024.045091
2015-03-05 20:00,1034,1038.188108
2015-03-05 20:15,937,1103.409577
2015-03-05 20:30,917,1079.711819
2015-03-05 20:45,965,1037.502867
2015-03-05 21:00,900,1018.183449
2015-03-05 21:15,982,1013.050216
2015-03-05 21:30,1035,1014.157272
2015-03-05 21:45,997,1075.326646
2015-03-05 22:00,940,1073.579479
2015-03-05 22:15,891,1061.447544
2015-03-05 22:30,1036,1061.511801
2015-03-05 22:45,1061,1055.374632
2015-03-05 23:00,1088,1043.312835
2015-03-05 23:15,1046,1031.277434
2015-03-05 23:30,1093,1068.943426
2015-03-05 23:45,989,1056.06994
2015-03-06 0:00,941,1061.702287
2015-03-06 0:15,670,1023.604913
2015-03-06 0:30,1009,1037.185982
2015-03-06 0:45,1089,1024.131688
2015-03-06 1:00,1340,1074.772509
2015-03-06 1:15,1090,1098.431215
2015-03-06 1:30,1069,975.0414537
2015-03-06 1:45,664,1039.372234
2015-03-06 2:00,562,989.9648061
2015-03-06 2:15,849,1039.540089
2015-03-06 2:30,1132,1018.243856
2015-03-06 2:45,1314,1038.479829
2015-03-06 3:00,1107,991.8958957
2015-03-06 3:15,874,1062.371218
2015-03-06 3:30,752,963.9855058
2015-03-06 3:45,962,1000.514379
2015-03-06 4:00,1091,1006.461223
2015-03-06 4:15,1083,1031.63587
2015-03-06 4:30,787,976.5601979
2015-03-06 4:45,1024,1061.170993
2015-03-06 5:00,863,1043.264335
2015-03-06 5:15,778,1014.039669
2015-03-06 5:30,826,995.503154
2015-03-06 5:45,1240,996.0404029
2015-03-06 6:00,1454,1013.153024
2015-03-06 6:15,1389,1006.216762
2015-03-06 6:30,1029,1062.306785
2015-03-06 6:45,695,1018.014326
2015-03-06 7:00,919,965.1273749
2015-03-06 7:15,2202,1025.342972
2015-03-06 7:30,1012,966.6429553
2015-03-06 7:45,1509,987.3420511
2015-03-06 8:00,1081,998.2895583
2015-03-06 8:15,1086,1064.705344
2015-03-06 8:30,1045,1032.765188
2015-03-06 8:45,957,935.1155178
2015-03-06 9:00,1031,972.9180331
2015-03-06 9:15,953,880.6993937
2015-03-06 9:30,1184,904.7179406
2015-03-06 9:45,1337,1024.091385
2015-03-06 10:00,1094,1041.440524
2015-03-06 10:15,962,985.6448925
2015-03-06 10:30,1008,1010.45608
2015-03-06 10:45,1492,915.7992075
2015-03-06 11:00,1056,888.6188901
2015-03-06 11:15,1021,1008.871404
2015-03-06 11:30,1106,1048.665197
2015-03-06 11:45,1081,1078.377409
2015-03-06 12:00,975,1003.403953
2015-03-06 12:15,939,1112.435724
2015-03-06 12:30,1077,846.8886216
2015-03-06 12:45,982,994.7478765
2015-03-06 13:00,1073,970.4846201
2015-03-06 13:15,1115,1042.439236
2015-03-06 13:30,1081,1112.902197
2015-03-06 13:45,1000,1107.740203
2015-03-06 14:00,1000,909.6110352
2015-03-06 14:15,995,954.1254674
2015-03-06 14:30,950,993.7701496
2015-03-06 14:45,1204,1025.94602
2015-03-06 15:00,1114,1067.233065
2015-03-06 15:15,1095,1073.372445
2015-03-06 15:30,1076,946.6556587
2015-03-06 15:45,1063,963.6089983
2015-03-06 16:00,1021,1001.195656
2015-03-06 16:15,1165,1034.58798
2015-03-06 16:30,587,1079.484148
2015-03-06 16:45,922,1077.978204
2015-03-06 17:00,665,976.4001759
2015-03-06 17:15,851,1022.856075
2015-03-06 17:30,993,1021.152504
2015-03-06 17:45,931,1020.515263
2015-03-06 18:00,949,1043.91327
2015-03-06 18:15,1027,974.0956808
2015-03-06 18:30,1061,1037.450045
2015-03-06 18:45,925,1000.46976
2015-03-06 19:00,872,1011.900538
2015-03-06 19:15,1033,1053.149191
2015-03-06 19:30,963,979.3524902
2015-03-06 19:45,1039,1024.045091
2015-03-06 20:00,1027,1038.188108
2015-03-06 20:15,1025,1103.409577
2015-03-06 20:30,924,1079.711819
2015-03-06 20:45,813,1037.502867
2015-03-06 21:00,1099,1018.183449
2015-03-06 21:15,1007,1013.050216
2015-03-06 21:30,1106,1014.157272
2015-03-06 21:45,1092,1075.326646
2015-03-06 22:00,1099,1073.579479
2015-03-06 22:15,952,1061.447544
2015-03-06 22:30,965,1061.511801
2015-03-06 22:45,776,1055.374632
2015-03-06 23:00,984,1043.312835
2015-03-06 23:15,1055,1031.277434
2015-03-06 23:30,989,1068.943426
2015-03-06 23:45,1058,1056.06994
2015-03-07 0:00,923,1061.702287
2015-03-07 0:15,621,1023.604913
2015-03-07 0:30,479,1037.185982
2015-03-07 0:45,1051,1024.131688
2015-03-07 1:00,1068,1074.772509
2015-03-07 1:15,872,1098.431215
2015-03-07 1:30,1070,975.0414537
2015-03-07 1:45,885,1039.372234
2015-03-07 2:00,747,989.9648061
2015-03-07 2:15,1011,1039.540089
2015-03-07 2:30,1019,1018.243856
2015-03-07 2:45,1185,1038.479829
2015-03-07 3:00,1142,991.8958957
2015-03-07 3:15,1011,1062.371218
2015-03-07 3:30,836,963.9855058
2015-03-07 3:45,821,1000.514379
2015-03-07 4:00,790,1006.461223
2015-03-07 4:15,1315,1031.63587
2015-03-07 4:30,1323,976.5601979
2015-03-07 4:45,1336,1061.170993
2015-03-07 5:00,971,1043.264335
2015-03-07 5:15,600,1014.039669
2015-03-07 5:30,962,995.503154
2015-03-07 5:45,1467,996.0404029
2015-03-07 6:00,1004,1013.153024
2015-03-07 6:15,1443,1006.216762
2015-03-07 6:30,1036,1062.306785
2015-03-07 6:45,1065,1018.014326
2015-03-07 7:00,1068,965.1273749
2015-03-07 7:15,887,1025.342972
2015-03-07 7:30,1047,966.6429553
2015-03-07 7:45,1061,987.3420511
2015-03-07 8:00,1504,998.2895583
2015-03-07 8:15,1375,1064.705344
2015-03-07 8:30,1068,1032.765188
2015-03-07 8:45,957,935.1155178
2015-03-07 9:00,987,972.9180331
2015-03-07 9:15,1319,880.6993937
2015-03-07 9:30,1064,904.7179406
2015-03-07 9:45,1040,1024.091385
2015-03-07 10:00,1050,1041.440524
2015-03-07 10:15,1073,985.6448925
2015-03-07 10:30,924,1010.45608
2015-03-07 10:45,929,915.7992075
2015-03-07 11:00,1081,888.6188901
2015-03-07 11:15,1096,1008.871404
2015-03-07 11:30,1018,1048.665197
2015-03-07 11:45,1301,1078.377409
2015-03-07 12:00,1157,1003.403953
2015-03-07 12:15,1067,1112.435724
2015-03-07 12:30,1018,846.8886216
2015-03-07 12:45,1024,994.7478765
2015-03-07 13:00,1415,970.4846201
2015-03-07 13:15,1059,1042.439236
2015-03-07 13:30,1081,1112.902197
2015-03-07 13:45,1131,1107.740203
2015-03-07 14:00,1042,909.6110352
2015-03-07 14:15,1014,954.1254674
2015-03-07 14:30,969,993.7701496
2015-03-07 14:45,1128,1025.94602
2015-03-07 15:00,586,1067.233065
2015-03-07 15:15,754,1073.372445
2015-03-07 15:30,641,946.6556587
2015-03-07 15:45,825,963.6089983
2015-03-07 16:00,733,1001.195656
2015-03-07 16:15,873,1034.58798
2015-03-07 16:30,902,1079.484148
2015-03-07 16:45,1045,1077.978204
2015-03-07 17:00,936,976.4001759
2015-03-07 17:15,851,1022.856075
2015-03-07 17:30,830,1021.152504
2015-03-07 17:45,1017,1020.515263
2015-03-07 18:00,932,1043.91327
2015-03-07 18:15,951,974.0956808
2015-03-07 18:30,1009,1037.450045
2015-03-07 18:45,994,1000.46976
2015-03-07 19:00,981,1011.900538
2015-03-07 19:15,822,1053.149191
2015-03-07 19:30,1060,979.3524902
2015-03-07 19:45,1073,1024.045091
2015-03-07 20:00,1063,1038.188108
2015-03-07 20:15,977,1103.409577
2015-03-07 20:30,999,1079.711819
2015-03-07 20:45,908,1037.502867
2015-03-07 21:00,944,1018.183449
2015-03-07 21:15,537,1013.050216
2015-03-07 21:30,956,1014.157272
2015-03-07 21:45,974,1075.326646
2015-03-07 22:00,691,1073.579479
2015-03-07 22:15,947,1061.447544
2015-03-07 22:30,941,1061.511801
2015-03-07 22:45,671,1055.374632
2015-03-07 23:00,527,1043.312835
2015-03-07 23:15,1015,1031.277434
2015-03-07 23:30,1034,1068.943426
2015-03-07 23:45,955,1056.06994
2015-03-08 0:00,990,1061.702287
2015-03-08 0:15,845,1023.604913
2015-03-08 0:30,570,1037.185982
2015-03-08 0:45,844,1024.131688
2015-03-08 1:00,1002,1074.772509
2015-03-08 1:15,993,1098.431215
2015-03-08 1:30,1194,975.0414537
2015-03-08 1:45,973,1039.372234
2015-03-08 2:00,803,989.9648061
2015-03-08 2:15,769,1039.540089
2015-03-08 2:30,777,1018.243856
2015-03-08 2:45,1077,1038.479829
2015-03-08 3:00,1165,991.8958957
2015-03-08 3:15,1216,1062.371218
2015-03-08 3:30,963,963.9855058
2015-03-08 3:45,1003,1000.514379
2015-03-08 4:00,895,1006.461223
2015-03-08 4:15,1296,1031.63587
2015-03-08 4:30,902,976.5601979
2015-03-08 4:45,1339,1061.170993
2015-03-08 5:00,935,1043.264335
2015-03-08 5:15,984,1014.039669
2015-03-08 5:30,1044,995.503154
2015-03-08 5:45,897,996.0404029
2015-03-08 6:00,1017,1013.153024
2015-03-08 6:15,1293,1006.216762
2015-03-08 6:30,1392,1062.306785
2015-03-08 6:45,1059,1018.014326
2015-03-08 7:00,984,965.1273749
2015-03-08 7:15,930,1025.342972
2015-03-08 7:30,910,966.6429553
2015-03-08 7:45,1510,987.3420511
2015-03-08 8:00,974,998.2895583
2015-03-08 8:15,982,1064.705344
2015-03-08 8:30,1025,1032.765188
2015-03-08 8:45,968,935.1155178
2015-03-08 9:00,959,972.9180331
2015-03-08 9:15,838,880.6993937
2015-03-08 9:30,940,904.7179406
2015-03-08 9:45,983,1024.091385
2015-03-08 10:00,992,1041.440524
2015-03-08 10:15,1000,985.6448925
2015-03-08 10:30,1030,1010.45608
2015-03-08 10:45,977,915.7992075
2015-03-08 11:00,899,888.6188901
2015-03-08 11:15,956,1008.871404
2015-03-08 11:30,1180,1048.665197
2015-03-08 11:45,1000,1078.377409
2015-03-08 12:00,1065,1003.403953
2015-03-08 12:15,1034,1112.435724
2015-03-08 12:30,1073,846.8886216
2015-03-08 12:45,981,994.7478765
2015-03-08 13:00,1023,970.4846201
2015-03-08 13:15,1081,1042.439236
2015-03-08 13:30,547,1112.902197
2015-03-08 13:45,275,1107.740203
2015-03-08 14:00,657,909.6110352
2015-03-08 14:15,835,954.1254674
2015-03-08 14:30,910,993.7701496
2015-03-08 14:45,923,1025.94602
2015-03-08 15:00,911,1067.233065
2015-03-08 15:15,915,1073.372445
2015-03-08 15:30,892,946.6556587
2015-03-08 15:45,883,963.6089983
2015-03-08 16:00,851,1001.195656
2015-03-08 16:15,873,1034.58798
2015-03-08 16:30,880,1079.484148
2015-03-08 16:45,1026,1077.978204
2015-03-08 17:00,993,976.4001759
2015-03-08 17:15,970,1022.856075
2015-03-08 17:30,949,1021.152504
2015-03-08 17:45,804,1020.515263
2015-03-08 18:00,916,1043.91327
2015-03-08 18:15,999,974.0956808
2015-03-08 18:30,978,1037.450045
2015-03-08 18:45,988,1000.46976
2015-03-08 19:00,957,1011.900538
2015-03-08 19:15,874,1053.149191
2015-03-08 19:30,907,979.3524902
2015-03-08 19:45,896,1024.045091
2015-03-08 20:00,955,1038.188108
2015-03-08 20:15,1090,1103.409577
2015-03-08 20:30,969,1079.711819
2015-03-08 20:45,977,1037.502867
2015-03-08 21:00,949,1018.183449
2015-03-08 21:15,711,1013.050216
2015-03-08 21:30,485,1014.157272
2015-03-08 21:45,979,1075.326646
2015-03-08 22:00,1036,1073.579479
2015-03-08 22:15,887,1061.447544
2015-03-08 22:30,893,1061.511801
2015-03-08 22:45,798,1055.374632
2015-03-08 23:00,486,1043.312835
2015-03-08 23:15,818,1031.277434
2015-03-08 23:30,938,1068.943426
2015-03-08 23:45,895,1056.06994
2015-03-09 0:00,895,1061.702287
2015-03-09 0:15,1009,1023.604913
2015-03-09 0:30,782,1037.185982
2015-03-09 0:45,735,1024.131688
2015-03-09 1:00,726,1074.772509
2015-03-09 1:15,929,1098.431215
2015-03-09 1:30,840,975.0414537
2015-03-09 1:45,1050,1039.372234
2015-03-09 2:00,938,989.9648061
2015-03-09 2:15,1009,1039.540089
2015-03-09 2:30,882,1018.243856
2015-03-09 2:45,1133,1038.479829
2015-03-09 3:00,926,991.8958957
2015-03-09 3:15,861,1062.371218
2015-03-09 3:30,972,963.9855058
2015-03-09 3:45,968,1000.514379
2015-03-09 4:00,983,1006.461223
2015-03-09 4:15,842,1031.63587
2015-03-09 4:30,964,976.5601979
2015-03-09 4:45,1026,1061.170993
2015-03-09 5:00,1011,1043.264335
2015-03-09 5:15,950,1014.039669
2015-03-09 5:30,869,995.503154
2015-03-09 5:45,860,996.0404029
2015-03-09 6:00,847,1013.153024
2015-03-09 6:15,1402,1006.216762
2015-03-09 6:30,918,1062.306785
2015-03-09 6:45,943,1018.014326
2015-03-09 7:00,929,965.1273749
2015-03-09 7:15,918,1025.342972
2015-03-09 7:30,867,966.6429553
2015-03-09 7:45,841,987.3420511
2015-03-09 8:00,890,998.2895583
2015-03-09 8:15,919,1064.705344
2015-03-09 8:30,1015,1032.765188
2015-03-09 8:45,1001,935.1155178
2015-03-09 9:00,1009,972.9180331
2015-03-09 9:15,961,880.6993937
2015-03-09 9:30,783,904.7179406
2015-03-09 9:45,950,1024.091385
2015-03-09 10:00,973,1041.440524
2015-03-09 10:15,999,985.6448925
2015-03-09 10:30,1001,1010.45608
2015-03-09 10:45,1058,915.7992075
2015-03-09 11:00,1117,888.6188901
2015-03-09 11:15,891,1008.871404
2015-03-09 11:30,963,1048.665197
2015-03-09 11:45,1011,1078.377409
2015-03-09 12:00,531,1003.403953
2015-03-09 12:15,0,1112.435724
2015-03-09 12:30,628,846.8886216
2015-03-09 12:45,834,994.7478765
2015-03-09 13:00,756,970.4846201
2015-03-09 13:15,770,1042.439236
2015-03-09 13:30,806,1112.902197
2015-03-09 13:45,864,1107.740203
2015-03-09 14:00,875,909.6110352
2015-03-09 14:15,915,954.1254674
2015-03-09 14:30,774,993.7701496
2015-03-09 14:45,892,1025.94602
2015-03-09 15:00,880,1067.233065
2015-03-09 15:15,923,1073.372445
2015-03-09 15:30,1102,946.6556587
2015-03-09 15:45,846,963.6089983
2015-03-09 16:00,933,1001.195656
2015-03-09 16:15,802,1034.58798
2015-03-09 16:30,888,1079.484148
2015-03-09 16:45,951,1077.978204
2015-03-09 17:00,895,976.4001759
2015-03-09 17:15,872,1022.856075
2015-03-09 17:30,906,1021.152504
2015-03-09 17:45,936,1020.515263
2015-03-09 18:00,836,1043.91327
2015-03-09 18:15,992,974.0956808
2015-03-09 18:30,889,1037.450045
2015-03-09 18:45,868,1000.46976
2015-03-09 19:00,945,1011.900538
2015-03-09 19:15,1018,1053.149191
2015-03-09 19:30,897,979.3524902
2015-03-09 19:45,507,1024.045091
2015-03-09 20:00,404,1038.188108
2015-03-09 20:15,860,1103.409577
2015-03-09 20:30,848,1079.711819
2015-03-09 20:45,1040,1037.502867
2015-03-09 21:00,939,1018.183449
2015-03-09 21:15,828,1013.050216
2015-03-09 21:30,656,1014.157272
2015-03-09 21:45,795,1075.326646
2015-03-09 22:00,863,1073.579479
2015-03-09 22:15,828,1061.447544
2015-03-09 22:30,847,1061.511801
2015-03-09 22:45,934,1055.374632
2015-03-09 23:00,785,1043.312835
2015-03-09 23:15,702,1031.277434
2015-03-09 23:30,714,1068.943426
2015-03-09 23:45,884,1056.06994
2015-03-10 0:00,971,1061.702287
2015-03-10 0:15,843,1023.604913
2015-03-10 0:30,933,1037.185982
2015-03-10 0:45,714,1024.131688
2015-03-10 1:00,892,1074.772509
2015-03-10 1:15,784,1098.431215
2015-03-10 1:30,874,975.0414537
2015-03-10 1:45,813,1039.372234
2015-03-10 2:00,888,989.9648061
2015-03-10 2:15,955,1039.540089
2015-03-10 2:30,991,1018.243856
2015-03-10 2:45,849,1038.479829
2015-03-10 3:00,868,991.8958957
2015-03-10 3:15,665,1062.371218
2015-03-10 3:30,892,963.9855058
2015-03-10 3:45,842,1000.514379
2015-03-10 4:00,859,1006.461223
2015-03-10 4:15,946,1031.63587
2015-03-10 4:30,909,976.5601979
2015-03-10 4:45,775,1061.170993
2015-03-10 5:00,897,1043.264335
2015-03-10 5:15,866,1014.039669
2015-03-10 5:30,869,995.503154
2015-03-10 5:45,971,996.0404029
2015-03-10 6:00,858,1013.153024
2015-03-10 6:15,878,1006.216762
2015-03-10 6:30,905,1062.306785
2015-03-10 6:45,859,1018.014326
2015-03-10 7:00,931,965.1273749
2015-03-10 7:15,901,1025.342972
2015-03-10 7:30,1001,966.6429553
2015-03-10 7:45,983,987.3420511
2015-03-10 8:00,885,998.2895583
2015-03-10 8:15,848,1064.705344
2015-03-10 8:30,936,1032.765188
2015-03-10 8:45,921,935.1155178
2015-03-10 9:00,904,972.9180331
2015-03-10 9:15,1021,880.6993937
2015-03-10 9:30,969,904.7179406
2015-03-10 9:45,905,1024.091385
2015-03-10 10:00,970,1041.440524
2015-03-10 10:15,933,985.6448925
2015-03-10 10:30,520,1010.45608
2015-03-10 10:45,0,915.7992075
2015-03-10 11:00,574,888.6188901
2015-03-10 11:15,782,1008.871404
2015-03-10 11:30,736,1048.665197
2015-03-10 11:45,771,1078.377409
2015-03-10 12:00,852,1003.403953
2015-03-10 12:15,811,1112.435724
2015-03-10 12:30,845,846.8886216
2015-03-10 12:45,839,994.7478765
2015-03-10 13:00,774,970.4846201
2015-03-10 13:15,823,1042.439236
2015-03-10 13:30,874,1112.902197
2015-03-10 13:45,848,1107.740203
2015-03-10 14:00,697,909.6110352
2015-03-10 14:15,848,954.1254674
2015-03-10 14:30,879,993.7701496
2015-03-10 14:45,764,1025.94602
2015-03-10 15:00,811,1067.233065
2015-03-10 15:15,938,1073.372445
2015-03-10 15:30,901,946.6556587
2015-03-10 15:45,912,963.6089983
2015-03-10 16:00,957,1001.195656
2015-03-10 16:15,780,1034.58798
2015-03-10 16:30,830,1079.484148
2015-03-10 16:45,651,1077.978204
2015-03-10 17:00,839,976.4001759
2015-03-10 17:15,894,1022.856075
2015-03-10 17:30,876,1021.152504
2015-03-10 17:45,1040,1020.515263
2015-03-10 18:00,892,1043.91327
2015-03-10 18:15,380,974.0956808
2015-03-10 18:30,563,1037.450045
2015-03-10 18:45,905,1000.46976
2015-03-10 19:00,913,1011.900538
2015-03-10 19:15,887,1053.149191
2015-03-10 19:30,953,979.3524902
2015-03-10 19:45,803,1024.045091
2015-03-10 20:00,644,1038.188108
2015-03-10 20:15,796,1103.409577
2015-03-10 20:30,945,1079.711819
2015-03-10 20:45,784,1037.502867
2015-03-10 21:00,920,1018.183449
2015-03-10 21:15,961,1013.050216
2015-03-10 21:30,783,1014.157272
2015-03-10 21:45,667,1075.326646
2015-03-10 22:00,740,1073.579479
2015-03-10 22:15,871,1061.447544
2015-03-10 22:30,1029,1061.511801
2015-03-10 22:45,822,1055.374632
2015-03-10 23:00,884,1043.312835
2015-03-10 23:15,685,1031.277434
2015-03-10 23:30,795,1068.943426
2015-03-10 23:45,796,1056.06994
2015-03-11 0:00,915,1061.702287
2015-03-11 0:15,886,1023.604913
2015-03-11 0:30,842,1037.185982
2015-03-11 0:45,931,1024.131688
2015-03-11 1:00,1031,1074.772509
2015-03-11 1:15,746,1098.431215
2015-03-11 1:30,790,975.0414537
2015-03-11 1:45,493,1039.372234
2015-03-11 2:00,892,989.9648061
2015-03-11 2:15,842,1039.540089
2015-03-11 2:30,884,1018.243856
2015-03-11 2:45,860,1038.479829
2015-03-11 3:00,882,991.8958957
2015-03-11 3:15,695,1062.371218
2015-03-11 3:30,828,963.9855058
2015-03-11 3:45,849,1000.514379
2015-03-11 4:00,845,1006.461223
2015-03-11 4:15,928,1031.63587
2015-03-11 4:30,917,976.5601979
2015-03-11 4:45,790,1061.170993
2015-03-11 5:00,873,1043.264335
2015-03-11 5:15,847,1014.039669
2015-03-11 5:30,870,995.503154
2015-03-11 5:45,941,996.0404029
2015-03-11 6:00,983,1013.153024
2015-03-11 6:15,899,1006.216762
2015-03-11 6:30,828,1062.306785
2015-03-11 6:45,894,1018.014326
2015-03-11 7:00,800,965.1273749
2015-03-11 7:15,826,1025.342972
2015-03-11 7:30,878,966.6429553
2015-03-11 7:45,1021,987.3420511
2015-03-11 8:00,1026,998.2895583
2015-03-11 8:15,811,1064.705344
2015-03-11 8:30,881,1032.765188
2015-03-11 8:45,990,935.1155178
2015-03-11 9:00,480,972.9180331
2015-03-11 9:15,470,880.6993937
2015-03-11 9:30,501,904.7179406
2015-03-11 9:45,726,1024.091385
2015-03-11 10:00,648,1041.440524
2015-03-11 10:15,781,985.6448925
2015-03-11 10:30,772,1010.45608
2015-03-11 10:45,787,915.7992075
2015-03-11 11:00,843,888.6188901
2015-03-11 11:15,730,1008.871404
2015-03-11 11:30,751,1048.665197
2015-03-11 11:45,777,1078.377409
2015-03-11 12:00,920,1003.403953
2015-03-11 12:15,790,1112.435724
2015-03-11 12:30,880,846.8886216
2015-03-11 12:45,810,994.7478765
2015-03-11 13:00,880,970.4846201
2015-03-11 13:15,749,1042.439236
2015-03-11 13:30,767,1112.902197
2015-03-11 13:45,858,1107.740203
2015-03-11 14:00,875,909.6110352
2015-03-11 14:15,917,954.1254674
2015-03-11 14:30,893,993.7701496
2015-03-11 14:45,847,1025.94602
2015-03-11 15:00,794,1067.233065
2015-03-11 15:15,663,1073.372445
2015-03-11 15:30,828,946.6556587
2015-03-11 15:45,894,963.6089983
2015-03-11 16:00,644,1001.195656
2015-03-11 16:15,939,1034.58798
2015-03-11 16:30,799,1079.484148
2015-03-11 16:45,891,1077.978204
2015-03-11 17:00,440,976.4001759
2015-03-11 17:15,873,1022.856075
2015-03-11 17:30,741,1021.152504
2015-03-11 17:45,813,1020.515263
2015-03-11 18:00,923,1043.91327
2015-03-11 18:15,721,974.0956808
2015-03-11 18:30,648,1037.450045
2015-03-11 18:45,783,1000.46976
2015-03-11 19:00,873,1011.900538
2015-03-11 19:15,844,1053.149191
2015-03-11 19:30,826,979.3524902
2015-03-11 19:45,939,1024.045091
2015-03-11 20:00,742,1038.188108
2015-03-11 20:15,714,1103.409577
2015-03-11 20:30,769,1079.711819
2015-03-11 20:45,882,1037.502867
2015-03-11 21:00,1019,1018.183449
2015-03-11 21:15,899,1013.050216
2015-03-11 21:30,895,1014.157272
2015-03-11 21:45,574,1075.326646
2015-03-11 22:00,824,1073.579479
2015-03-11 22:15,778,1061.447544
2015-03-11 22:30,811,1061.511801
2015-03-11 22:45,829,1055.374632
2015-03-11 23:00,859,1043.312835
2015-03-11 23:15,921,1031.277434
2015-03-11 23:30,938,1068.943426
2015-03-11 23:45,757,1056.06994
2015-03-12 0:00,765,1061.702287
2015-03-12 0:15,652,1023.604913
2015-03-12 0:30,875,1037.185982
2015-03-12 0:45,875,1024.131688
2015-03-12 1:00,800,1074.772509
2015-03-12 1:15,827,1098.431215
2015-03-12 1:30,870,975.0414537
2015-03-12 1:45,793,1039.372234
2015-03-12 2:00,866,989.9648061
2015-03-12 2:15,882,1039.540089
2015-03-12 2:30,943,1018.243856
2015-03-12 2:45,955,1038.479829
2015-03-12 3:00,846,991.8958957
2015-03-12 3:15,802,1062.371218
2015-03-12 3:30,776,963.9855058
2015-03-12 3:45,858,1000.514379
2015-03-12 4:00,872,1006.461223
2015-03-12 4:15,890,1031.63587
2015-03-12 4:30,955,976.5601979
2015-03-12 4:45,842,1061.170993
2015-03-12 5:00,779,1043.264335
2015-03-12 5:15,892,1014.039669
2015-03-12 5:30,822,995.503154
2015-03-12 5:45,844,996.0404029
2015-03-12 6:00,878,1013.153024
2015-03-12 6:15,958,1006.216762
2015-03-12 6:30,927,1062.306785
2015-03-12 6:45,804,1018.014326
2015-03-12 7:00,844,965.1273749
2015-03-12 7:15,888,1025.342972
2015-03-12 7:30,519,966.6429553
2015-03-12 7:45,723,987.3420511
2015-03-12 8:00,527,998.2895583
2015-03-12 8:15,729,1064.705344
2015-03-12 8:30,676,1032.765188
2015-03-12 8:45,733,935.1155178
2015-03-12 9:00,729,972.9180331
2015-03-12 9:15,704,880.6993937
2015-03-12 9:30,755,904.7179406
2015-03-12 9:45,668,1024.091385
2015-03-12 10:00,664,1041.440524
2015-03-12 10:15,711,985.6448925
2015-03-12 10:30,758,1010.45608
2015-03-12 10:45,829,915.7992075
2015-03-12 11:00,756,888.6188901
2015-03-12 11:15,794,1008.871404
2015-03-12 11:30,730,1048.665197
2015-03-12 11:45,646,1078.377409
2015-03-12 12:00,733,1003.403953
2015-03-12 12:15,774,1112.435724
2015-03-12 12:30,749,846.8886216
2015-03-12 12:45,756,994.7478765
2015-03-12 13:00,904,970.4846201
2015-03-12 13:15,766,1042.439236
2015-03-12 13:30,736,1112.902197
2015-03-12 13:45,560,1107.740203
2015-03-12 14:00,713,909.6110352
2015-03-12 14:15,770,954.1254674
2015-03-12 14:30,685,993.7701496
2015-03-12 14:45,814,1025.94602
2015-03-12 15:00,713,1067.233065
2015-03-12 15:15,429,1073.372445
2015-03-12 15:30,418,946.6556587
2015-03-12 15:45,823,963.6089983
2015-03-12 16:00,754,1001.195656
2015-03-12 16:15,774,1034.58798
2015-03-12 16:30,921,1079.484148
2015-03-12 16:45,647,1077.978204
2015-03-12 17:00,485,976.4001759
2015-03-12 17:15,696,1022.856075
2015-03-12 17:30,811,1021.152504
2015-03-12 17:45,710,1020.515263
2015-03-12 18:00,837,1043.91327
2015-03-12 18:15,834,974.0956808
2015-03-12 18:30,641,1037.450045
2015-03-12 18:45,626,1000.46976
2015-03-12 19:00,697,1011.900538
2015-03-12 19:15,803,1053.149191
2015-03-12 19:30,900,979.3524902
2015-03-12 19:45,837,1024.045091
2015-03-12 20:00,836,1038.188108
2015-03-12 20:15,571,1103.409577
2015-03-12 20:30,746,1079.711819
2015-03-12 20:45,711,1037.502867
2015-03-12 21:00,680,1018.183449
2015-03-12 21:15,811,1013.050216
2015-03-12 21:30,753,1014.157272
2015-03-12 21:45,889,1075.326646
2015-03-12 22:00,829,1073.579479
2015-03-12 22:15,691,1061.447544
2015-03-12 22:30,793,1061.511801
2015-03-12 22:45,739,1055.374632
2015-03-12 23:00,816,1043.312835
2015-03-12 23:15,845,1031.277434
2015-03-12 23:30,717,1068.943426
2015-03-12 23:45,802,1056.06994
2015-03-13 0:00,797,1061.702287
2015-03-13 0:15,643,1023.604913
2015-03-13 0:30,788,1037.185982
2015-03-13 0:45,760,1024.131688
2015-03-13 1:00,774,1074.772509
2015-03-13 1:15,875,1098.431215
2015-03-13 1:30,713,975.0414537
2015-03-13 1:45,750,1039.372234
2015-03-13 2:00,737,989.9648061
2015-03-13 2:15,745,1039.540089
2015-03-13 2:30,776,1018.243856
2015-03-13 2:45,830,1038.479829
2015-03-13 3:00,963,991.8958957
2015-03-13 3:15,736,1062.371218
2015-03-13 3:30,820,963.9855058
2015-03-13 3:45,730,1000.514379
2015-03-13 4:00,757,1006.461223
2015-03-13 4:15,786,1031.63587
2015-03-13 4:30,780,976.5601979
2015-03-13 4:45,846,1061.170993
2015-03-13 5:00,830,1043.264335
2015-03-13 5:15,738,1014.039669
2015-03-13 5:30,683,995.503154
2015-03-13 5:45,841,996.0404029
2015-03-13 6:00,550,1013.153024
2015-03-13 6:15,636,1006.216762
2015-03-13 6:30,494,1062.306785
2015-03-13 6:45,614,1018.014326
2015-03-13 7:00,629,965.1273749
2015-03-13 7:15,600,1025.342972
2015-03-13 7:30,660,966.6429553
2015-03-13 7:45,720,987.3420511
2015-03-13 8:00,751,998.2895583
2015-03-13 8:15,602,1064.705344
2015-03-13 8:30,609,1032.765188
2015-03-13 8:45,661,935.1155178
2015-03-13 9:00,612,972.9180331
2015-03-13 9:15,717,880.6993937
2015-03-13 9:30,734,904.7179406
2015-03-13 9:45,738,1024.091385
2015-03-13 10:00,680,1041.440524
2015-03-13 10:15,641,985.6448925
2015-03-13 10:30,705,1010.45608
2015-03-13 10:45,682,915.7992075
2015-03-13 11:00,736,888.6188901
2015-03-13 11:15,738,1008.871404
2015-03-13 11:30,851,1048.665197
2015-03-13 11:45,634,1078.377409
2015-03-13 12:00,753,1003.403953
2015-03-13 12:15,1181,1112.435724
2015-03-13 12:30,663,846.8886216
2015-03-13 12:45,752,994.7478765
2015-03-13 13:00,560,970.4846201
2015-03-13 13:15,826,1042.439236
2015-03-13 13:30,679,1112.902197
2015-03-13 13:45,438,1107.740203
2015-03-13 14:00,396,909.6110352
2015-03-13 14:15,718,954.1254674
2015-03-13 14:30,828,993.7701496
2015-03-13 14:45,759,1025.94602
2015-03-13 15:00,783,1067.233065
2015-03-13 15:15,541,1073.372445
2015-03-13 15:30,537,946.6556587
2015-03-13 15:45,703,963.6089983
2015-03-13 16:00,712,1001.195656
2015-03-13 16:15,701,1034.58798
2015-03-13 16:30,800,1079.484148
2015-03-13 16:45,864,1077.978204
2015-03-13 17:00,606,976.4001759
2015-03-13 17:15,575,1022.856075
2015-03-13 17:30,699,1021.152504
2015-03-13 17:45,708,1020.515263
2015-03-13 18:00,874,1043.91327
2015-03-13 18:15,738,974.0956808
2015-03-13 18:30,817,1037.450045
2015-03-13 18:45,456,1000.46976
2015-03-13 19:00,788,1011.900538
2015-03-13 19:15,672,1053.149191
2015-03-13 19:30,750,979.3524902
2015-03-13 19:45,776,1024.045091
2015-03-13 20:00,645,1038.188108
2015-03-13 20:15,811,1103.409577
2015-03-13 20:30,810,1079.711819
2015-03-13 20:45,683,1037.502867
2015-03-13 21:00,697,1018.183449
2015-03-13 21:15,460,1013.050216
2015-03-13 21:30,832,1014.157272
2015-03-13 21:45,747,1075.326646
2015-03-13 22:00,764,1073.579479
2015-03-13 22:15,709,1061.447544
2015-03-13 22:30,736,1061.511801
2015-03-13 22:45,660,1055.374632
2015-03-13 23:00,729,1043.312835
2015-03-13 23:15,761,1031.277434
2015-03-13 23:30,813,1068.943426
2015-03-13 23:45,874,1056.06994
2015-03-14 0:00,691,1061.702287
2015-03-14 0:15,690,1023.604913
2015-03-14 0:30,758,1037.185982
2015-03-14 0:45,739,1024.131688
2015-03-14 1:00,799,1074.772509
2015-03-14 1:15,834,1098.431215
2015-03-14 1:30,853,975.0414537
2015-03-14 1:45,745,1039.372234
2015-03-14 2:00,786,989.9648061
2015-03-14 2:15,766,1039.540089
2015-03-14 2:30,748,1018.243856
2015-03-14 2:45,708,1038.479829
2015-03-14 3:00,706,991.8958957
2015-03-14 3:15,839,1062.371218
2015-03-14 3:30,710,963.9855058
2015-03-14 3:45,750,1000.514379
2015-03-14 4:00,767,1006.461223
2015-03-14 4:15,790,1031.63587
2015-03-14 4:30,472,976.5601979
2015-03-14 4:45,648,1061.170993
2015-03-14 5:00,492,1043.264335
2015-03-14 5:15,656,1014.039669
2015-03-14 5:30,574,995.503154
2015-03-14 5:45,591,996.0404029
2015-03-14 6:00,616,1013.153024
2015-03-14 6:15,676,1006.216762
2015-03-14 6:30,696,1062.306785
2015-03-14 6:45,586,1018.014326
2015-03-14 7:00,587,965.1273749
2015-03-14 7:15,636,1025.342972
2015-03-14 7:30,605,966.6429553
2015-03-14 7:45,696,987.3420511
2015-03-14 8:00,697,998.2895583
2015-03-14 8:15,778,1064.705344
2015-03-14 8:30,715,1032.765188
2015-03-14 8:45,683,935.1155178
2015-03-14 9:00,650,972.9180331
2015-03-14 9:15,654,880.6993937
2015-03-14 9:30,735,904.7179406
2015-03-14 9:45,739,1024.091385
2015-03-14 10:00,774,1041.440524
2015-03-14 10:15,682,985.6448925
2015-03-14 10:30,738,1010.45608
2015-03-14 10:45,433,915.7992075
2015-03-14 11:00,587,888.6188901
2015-03-14 11:15,701,1008.871404
2015-03-14 11:30,593,1048.665197
2015-03-14 11:45,845,1078.377409
2015-03-14 12:00,673,1003.403953
2015-03-14 12:15,492,1112.435724
2015-03-14 12:30,422,846.8886216
2015-03-14 12:45,667,994.7478765
2015-03-14 13:00,701,970.4846201
2015-03-14 13:15,703,1042.439236
2015-03-14 13:30,821,1112.902197
2015-03-14 13:45,548,1107.740203
2015-03-14 14:00,826,909.6110352
2015-03-14 14:15,635,954.1254674
2015-03-14 14:30,646,993.7701496
2015-03-14 14:45,677,1025.94602
2015-03-14 15:00,719,1067.233065
2015-03-14 15:15,768,1073.372445
2015-03-14 15:30,553,946.6556587
2015-03-14 15:45,552,963.6089983
2015-03-14 16:00,679,1001.195656
2015-03-14 16:15,663,1034.58798
2015-03-14 16:30,873,1079.484148
2015-03-14 16:45,731,1077.978204
2015-03-14 17:00,793,976.4001759
2015-03-14 17:15,571,1022.856075
2015-03-14 17:30,725,1021.152504
2015-03-14 17:45,654,1020.515263
2015-03-14 18:00,659,1043.91327
2015-03-14 18:15,733,974.0956808
2015-03-14 18:30,820,1037.450045
2015-03-14 18:45,834,1000.46976
2015-03-14 19:00,753,1011.900538
2015-03-14 19:15,693,1053.149191
2015-03-14 19:30,697,979.3524902
2015-03-14 19:45,541,1024.045091
2015-03-14 20:00,743,1038.188108
2015-03-14 20:15,747,1103.409577
2015-03-14 20:30,723,1079.711819
2015-03-14 20:45,705,1037.502867
2015-03-14 21:00,769,1018.183449
2015-03-14 21:15,669,1013.050216
2015-03-14 21:30,687,1014.157272
2015-03-14 21:45,714,1075.326646
2015-03-14 22:00,760,1073.579479
2015-03-14 22:15,803,1061.447544
2015-03-14 22:30,708,1061.511801
2015-03-14 22:45,749,1055.374632
2015-03-14 23:00,714,1043.312835
2015-03-14 23:15,707,1031.277434
2015-03-14 23:30,762,1068.943426
2015-03-14 23:45,831,1056.06994
2015-03-15 0:00,825,1061.702287
2015-03-15 0:15,739,1023.604913
2015-03-15 0:30,762,1037.185982
2015-03-15 0:45,691,1024.131688
2015-03-15 1:00,717,1074.772509
2015-03-15 1:15,764,1098.431215
2015-03-15 1:30,778,975.0414537
2015-03-15 1:45,854,1039.372234
2015-03-15 2:00,743,989.9648061
2015-03-15 2:15,727,1039.540089
2015-03-15 2:30,705,1018.243856
2015-03-15 2:45,713,1038.479829
2015-03-15 3:00,475,991.8958957
2015-03-15 3:15,605,1062.371218
2015-03-15 3:30,395,963.9855058
2015-03-15 3:45,628,1000.514379
2015-03-15 4:00,545,1006.461223
2015-03-15 4:15,627,1031.63587
2015-03-15 4:30,640,976.5601979
2015-03-15 4:45,633,1061.170993
2015-03-15 5:00,657,1043.264335
2015-03-15 5:15,490,1014.039669
2015-03-15 5:30,629,995.503154
2015-03-15 5:45,582,996.0404029
2015-03-15 6:00,587,1013.153024
2015-03-15 6:15,645,1006.216762
2015-03-15 6:30,718,1062.306785
2015-03-15 6:45,636,1018.014326
2015-03-15 7:00,584,965.1273749
2015-03-15 7:15,626,1025.342972
2015-03-15 7:30,593,966.6429553
2015-03-15 7:45,632,987.3420511
2015-03-15 8:00,697,998.2895583
2015-03-15 8:15,675,1064.705344
2015-03-15 8:30,693,1032.765188
2015-03-15 8:45,614,935.1155178
2015-03-15 9:00,733,972.9180331
2015-03-15 9:15,551,880.6993937
2015-03-15 9:30,608,904.7179406
2015-03-15 9:45,610,1024.091385
2015-03-15 10:00,731,1041.440524
2015-03-15 10:15,746,985.6448925
2015-03-15 10:30,532,1010.45608
2015-03-15 10:45,350,915.7992075
2015-03-15 11:00,433,888.6188901
2015-03-15 11:15,597,1008.871404
2015-03-15 11:30,652,1048.665197
2015-03-15 11:45,693,1078.377409
2015-03-15 12:00,740,1003.403953
2015-03-15 12:15,496,1112.435724
2015-03-15 12:30,458,846.8886216
2015-03-15 12:45,590,994.7478765
2015-03-15 13:00,634,970.4846201
2015-03-15 13:15,629,1042.439236
2015-03-15 13:30,755,1112.902197
2015-03-15 13:45,835,1107.740203
2015-03-15 14:00,541,909.6110352
2015-03-15 14:15,617,954.1254674
2015-03-15 14:30,623,993.7701496
2015-03-15 14:45,642,1025.94602
2015-03-15 15:00,685,1067.233065
2015-03-15 15:15,763,1073.372445
2015-03-15 15:30,746,946.6556587
2015-03-15 15:45,542,963.6089983
2015-03-15 16:00,648,1001.195656
2015-03-15 16:15,632,1034.58798
2015-03-15 16:30,381,1079.484148
2015-03-15 16:45,708,1077.978204
2015-03-15 17:00,758,976.4001759
2015-03-15 17:15,811,1022.856075
2015-03-15 17:30,688,1021.152504
2015-03-15 17:45,665,1020.515263
2015-03-15 18:00,662,1043.91327
2015-03-15 18:15,522,974.0956808
2015-03-15 18:30,699,1037.450045
2015-03-15 18:45,683,1000.46976
2015-03-15 19:00,699,1011.900538
2015-03-15 19:15,652,1053.149191
2015-03-15 19:30,725,979.3524902
2015-03-15 19:45,694,1024.045091
2015-03-15 20:00,677,1038.188108
2015-03-15 20:15,667,1103.409577
2015-03-15 20:30,698,1079.711819
2015-03-15 20:45,800,1037.502867
2015-03-15 21:00,624,1018.183449
2015-03-15 21:15,735,1013.050216
2015-03-15 21:30,666,1014.157272
2015-03-15 21:45,678,1075.326646
2015-03-15 22:00,748,1073.579479
2015-03-15 22:15,797,1061.447544
2015-03-15 22:30,826,1061.511801
2015-03-15 22:45,679,1055.374632
2015-03-15 23:00,785,1043.312835
2015-03-15 23:15,646,1031.277434
2015-03-15 23:30,722,1068.943426
2015-03-15 23:45,641,1056.06994
2015-03-16 0:00,687,1061.702287
2015-03-16 0:15,824,1023.604913
2015-03-16 0:30,724,1037.185982
2015-03-16 0:45,748,1024.131688
2015-03-16 1:00,666,1074.772509
2015-03-16 1:15,715,1098.431215
2015-03-16 1:30,479,975.0414537
2015-03-16 1:45,587,1039.372234
2015-03-16 2:00,394,989.9648061
2015-03-16 2:15,589,1039.540089
2015-03-16 2:30,512,1018.243856
2015-03-16 2:45,507,1038.479829
2015-03-16 3:00,509,991.8958957
2015-03-16 3:15,613,1062.371218
2015-03-16 3:30,611,963.9855058
2015-03-16 3:45,481,1000.514379
2015-03-16 4:00,557,1006.461223
2015-03-16 4:15,561,1031.63587
2015-03-16 4:30,581,976.5601979
2015-03-16 4:45,563,1061.170993
2015-03-16 5:00,653,1043.264335
2015-03-16 5:15,665,1014.039669
2015-03-16 5:30,531,995.503154
2015-03-16 5:45,649,996.0404029
2015-03-16 6:00,578,1013.153024
2015-03-16 6:15,592,1006.216762
2015-03-16 6:30,614,1062.306785
2015-03-16 6:45,629,1018.014326
2015-03-16 7:00,676,965.1273749
2015-03-16 7:15,493,1025.342972
2015-03-16 7:30,662,966.6429553
2015-03-16 7:45,669,987.3420511
2015-03-16 8:00,582,998.2895583
2015-03-16 8:15,585,1064.705344
2015-03-16 8:30,691,1032.765188
2015-03-16 8:45,654,935.1155178
2015-03-16 9:00,531,972.9180331
2015-03-16 9:15,416,880.6993937
2015-03-16 9:30,383,904.7179406
2015-03-16 9:45,582,1024.091385
2015-03-16 10:00,627,1041.440524
2015-03-16 10:15,659,985.6448925
2015-03-16 10:30,621,1010.45608
2015-03-16 10:45,488,915.7992075
2015-03-16 11:00,403,888.6188901
2015-03-16 11:15,579,1008.871404
2015-03-16 11:30,607,1048.665197
2015-03-16 11:45,631,1078.377409
2015-03-16 12:00,641,1003.403953
2015-03-16 12:15,708,1112.435724
2015-03-16 12:30,509,846.8886216
2015-03-16 12:45,558,994.7478765
2015-03-16 13:00,596,970.4846201
2015-03-16 13:15,645,1042.439236
2015-03-16 13:30,776,1112.902197
2015-03-16 13:45,674,1107.740203
2015-03-16 14:00,684,909.6110352
2015-03-16 14:15,346,954.1254674
2015-03-16 14:30,674,993.7701496
2015-03-16 14:45,630,1025.94602
2015-03-16 15:00,617,1067.233065
2015-03-16 15:15,674,1073.372445
2015-03-16 15:30,681,946.6556587
2015-03-16 15:45,708,963.6089983
2015-03-16 16:00,671,1001.195656
2015-03-16 16:15,643,1034.58798
2015-03-16 16:30,596,1079.484148
2015-03-16 16:45,432,1077.978204
2015-03-16 17:00,623,976.4001759
2015-03-16 17:15,663,1022.856075
2015-03-16 17:30,708,1021.152504
2015-03-16 17:45,599,1020.515263
2015-03-16 18:00,728,1043.91327
2015-03-16 18:15,595,974.0956808
2015-03-16 18:30,658,1037.450045
2015-03-16 18:45,684,1000.46976
2015-03-16 19:00,695,1011.900538
2015-03-16 19:15,749,1053.149191
2015-03-16 19:30,559,979.3524902
2015-03-16 19:45,701,1024.045091
2015-03-16 20:00,630,1038.188108
2015-03-16 20:15,665,1103.409577
2015-03-16 20:30,699,1079.711819
2015-03-16 20:45,717,1037.502867
2015-03-16 21:00,790,1018.183449
2015-03-16 21:15,696,1013.050216
2015-03-16 21:30,719,1014.157272
2015-03-16 21:45,607,1075.326646
2015-03-16 22:00,638,1073.579479
2015-03-16 22:15,685,1061.447544
2015-03-16 22:30,692,1061.511801
2015-03-16 22:45,817,1055.374632
2015-03-16 23:00,613,1043.312835
2015-03-16 23:15,736,1031.277434
2015-03-16 23:30,748,1068.943426
2015-03-16 23:45,699,1056.06994
2015-03-17 0:00,460,1061.702287
2015-03-17 0:15,553,1023.604913
2015-03-17 0:30,403,1037.185982
2015-03-17 0:45,544,1024.131688
2015-03-17 1:00,515,1074.772509
2015-03-17 1:15,522,1098.431215
2015-03-17 1:30,565,975.0414537
2015-03-17 1:45,545,1039.372234
2015-03-17 2:00,555,989.9648061
2015-03-17 2:15,494,1039.540089
2015-03-17 2:30,607,1018.243856
2015-03-17 2:45,536,1038.479829
2015-03-17 3:00,557,991.8958957
2015-03-17 3:15,596,1062.371218
2015-03-17 3:30,559,963.9855058
2015-03-17 3:45,675,1000.514379
2015-03-17 4:00,527,1006.461223
2015-03-17 4:15,585,1031.63587
2015-03-17 4:30,517,976.5601979
2015-03-17 4:45,560,1061.170993
2015-03-17 5:00,599,1043.264335
2015-03-17 5:15,641,1014.039669
2015-03-17 5:30,638,995.503154
2015-03-17 5:45,533,996.0404029
2015-03-17 6:00,653,1013.153024
2015-03-17 6:15,426,1006.216762
2015-03-17 6:30,615,1062.306785
2015-03-17 6:45,614,1018.014326
2015-03-17 7:00,593,965.1273749
2015-03-17 7:15,632,1025.342972
2015-03-17 7:30,521,966.6429553
2015-03-17 7:45,357,987.3420511
2015-03-17 8:00,426,998.2895583
2015-03-17 8:15,595,1064.705344
2015-03-17 8:30,572,1032.765188
2015-03-17 8:45,638,935.1155178
2015-03-17 9:00,662,972.9180331
2015-03-17 9:15,431,880.6993937
2015-03-17 9:30,410,904.7179406
2015-03-17 9:45,562,1024.091385
2015-03-17 10:00,606,1041.440524
2015-03-17 10:15,588,985.6448925
2015-03-17 10:30,693,1010.45608
2015-03-17 10:45,680,915.7992075
2015-03-17 11:00,457,888.6188901
2015-03-17 11:15,511,1008.871404
2015-03-17 11:30,585,1048.665197
2015-03-17 11:45,581,1078.377409
2015-03-17 12:00,665,1003.403953
2015-03-17 12:15,611,1112.435724
2015-03-17 12:30,674,846.8886216
2015-03-17 12:45,529,994.7478765
2015-03-17 13:00,610,970.4846201
2015-03-17 13:15,597,1042.439236
2015-03-17 13:30,535,1112.902197
2015-03-17 13:45,642,1107.740203
2015-03-17 14:00,633,909.6110352
2015-03-17 14:15,699,954.1254674
2015-03-17 14:30,631,993.7701496
2015-03-17 14:45,590,1025.94602
2015-03-17 15:00,543,1067.233065
2015-03-17 15:15,861,1073.372445
2015-03-17 15:30,639,946.6556587
2015-03-17 15:45,598,963.6089983
2015-03-17 16:00,675,1001.195656
2015-03-17 16:15,576,1034.58798
2015-03-17 16:30,686,1079.484148
2015-03-17 16:45,637,1077.978204
2015-03-17 17:00,580,976.4001759
2015-03-17 17:15,741,1022.856075
2015-03-17 17:30,688,1021.152504
2015-03-17 17:45,681,1020.515263
2015-03-17 18:00,558,1043.91327
2015-03-17 18:15,692,974.0956808
2015-03-17 18:30,635,1037.450045
2015-03-17 18:45,690,1000.46976
2015-03-17 19:00,761,1011.900538
2015-03-17 19:15,719,1053.149191
2015-03-17 19:30,734,979.3524902
2015-03-17 19:45,658,1024.045091
2015-03-17 20:00,773,1038.188108
2015-03-17 20:15,618,1103.409577
2015-03-17 20:30,685,1079.711819
2015-03-17 20:45,573,1037.502867
2015-03-17 21:00,633,1018.183449
2015-03-17 21:15,696,1013.050216
2015-03-17 21:30,627,1014.157272
2015-03-17 21:45,637,1075.326646
2015-03-17 22:00,553,1073.579479
2015-03-17 22:15,621,1061.447544
2015-03-17 22:30,506,1061.511801
2015-03-17 22:45,556,1055.374632
2015-03-17 23:00,386,1043.312835
2015-03-17 23:15,531,1031.277434
2015-03-17 23:30,502,1068.943426
2015-03-17 23:45,526,1056.06994
2015-03-18 0:00,565,1061.702287
2015-03-18 0:15,540,1023.604913
2015-03-18 0:30,531,1037.185982
2015-03-18 0:45,485,1024.131688
2015-03-18 1:00,557,1074.772509
2015-03-18 1:15,527,1098.431215
2015-03-18 1:30,550,975.0414537
2015-03-18 1:45,589,1039.372234
2015-03-18 2:00,621,989.9648061
2015-03-18 2:15,613,1039.540089
2015-03-18 2:30,499,1018.243856
2015-03-18 2:45,619,1038.479829
2015-03-18 3:00,561,991.8958957
2015-03-18 3:15,612,1062.371218
2015-03-18 3:30,532,963.9855058
2015-03-18 3:45,630,1000.514379
2015-03-18 4:00,586,1006.461223
2015-03-18 4:15,567,1031.63587
2015-03-18 4:30,612,976.5601979
2015-03-18 4:45,397,1061.170993
2015-03-18 5:00,648,1043.264335
2015-03-18 5:15,606,1014.039669
2015-03-18 5:30,637,995.503154
2015-03-18 5:45,612,996.0404029
2015-03-18 6:00,545,1013.153024
2015-03-18 6:15,447,1006.216762
2015-03-18 6:30,394,1062.306785
2015-03-18 6:45,591,1018.014326
2015-03-18 7:00,576,965.1273749
2015-03-18 7:15,598,1025.342972
2015-03-18 7:30,606,966.6429553
2015-03-18 7:45,415,987.3420511
2015-03-18 8:00,493,998.2895583
2015-03-18 8:15,556,1064.705344
2015-03-18 8:30,575,1032.765188
2015-03-18 8:45,549,935.1155178
2015-03-18 9:00,662,972.9180331
2015-03-18 9:15,645,880.6993937
2015-03-18 9:30,411,904.7179406
2015-03-18 9:45,515,1024.091385
2015-03-18 10:00,559,1041.440524
2015-03-18 10:15,597,985.6448925
2015-03-18 10:30,499,1010.45608
2015-03-18 10:45,576,915.7992075
2015-03-18 11:00,679,888.6188901
2015-03-18 11:15,361,1008.871404
2015-03-18 11:30,602,1048.665197
2015-03-18 11:45,559,1078.377409
2015-03-18 12:00,534,1003.403953
2015-03-18 12:15,651,1112.435724
2015-03-18 12:30,607,846.8886216
2015-03-18 12:45,640,994.7478765
2015-03-18 13:00,635,970.4846201
2015-03-18 13:15,636,1042.439236
2015-03-18 13:30,576,1112.902197
2015-03-18 13:45,510,1107.740203
2015-03-18 14:00,597,909.6110352
2015-03-18 14:15,626,954.1254674
2015-03-18 14:30,639,993.7701496
2015-03-18 14:45,586,1025.94602
2015-03-18 15:00,710,1067.233065
2015-03-18 15:15,650,1073.372445
2015-03-18 15:30,653,946.6556587
2015-03-18 15:45,646,963.6089983
2015-03-18 16:00,690,1001.195656
2015-03-18 16:15,681,1034.58798
2015-03-18 16:30,546,1079.484148
2015-03-18 16:45,678,1077.978204
2015-03-18 17:00,623,976.4001759
2015-03-18 17:15,602,1022.856075
2015-03-18 17:30,703,1021.152504
2015-03-18 17:45,714,1020.515263
2015-03-18 18:00,744,1043.91327
2015-03-18 18:15,650,974.0956808
2015-03-18 18:30,687,1037.450045
2015-03-18 18:45,597,1000.46976
2015-03-18 19:00,616,1011.900538
2015-03-18 19:15,604,1053.149191
2015-03-18 19:30,666,979.3524902
2015-03-18 19:45,713,1024.045091
2015-03-18 20:00,641,1038.188108
2015-03-18 20:15,689,1103.409577
2015-03-18 20:30,651,1079.711819
2015-03-18 20:45,677,1037.502867
2015-03-18 21:00,445,1018.183449
2015-03-18 21:15,524,1013.050216
2015-03-18 21:30,348,1014.157272
2015-03-18 21:45,473,1075.326646
2015-03-18 22:00,448,1073.579479
2015-03-18 22:15,480,1061.447544
2015-03-18 22:30,528,1061.511801
2015-03-18 22:45,457,1055.374632
2015-03-18 23:00,485,1043.312835
2015-03-18 23:15,457,1031.277434
2015-03-18 23:30,548,1068.943426
2015-03-18 23:45,520,1056.06994
2015-03-19 0:00,524,1061.702287
2015-03-19 0:15,551,1023.604913
2015-03-19 0:30,586,1037.185982
2015-03-19 0:45,567,1024.131688
2015-03-19 1:00,501,1074.772509
2015-03-19 1:15,636,1098.431215
2015-03-19 1:30,516,975.0414537
2015-03-19 1:45,596,1039.372234
2015-03-19 2:00,561,989.9648061
2015-03-19 2:15,594,1039.540089
2015-03-19 2:30,571,1018.243856
2015-03-19 2:45,513,1038.479829
2015-03-19 3:00,590,991.8958957
2015-03-19 3:15,561,1062.371218
2015-03-19 3:30,548,963.9855058
2015-03-19 3:45,581,1000.514379
2015-03-19 4:00,608,1006.461223
2015-03-19 4:15,597,1031.63587
2015-03-19 4:30,449,976.5601979
2015-03-19 4:45,323,1061.170993
2015-03-19 5:00,422,1043.264335
2015-03-19 5:15,533,1014.039669
2015-03-19 5:30,480,995.503154
2015-03-19 5:45,586,996.0404029
2015-03-19 6:00,615,1013.153024
2015-03-19 6:15,426,1006.216762
2015-03-19 6:30,404,1062.306785
2015-03-19 6:45,551,1018.014326
2015-03-19 7:00,507,965.1273749
2015-03-19 7:15,560,1025.342972
2015-03-19 7:30,540,966.6429553
2015-03-19 7:45,654,987.3420511
2015-03-19 8:00,451,998.2895583
2015-03-19 8:15,460,1064.705344
2015-03-19 8:30,548,1032.765188
2015-03-19 8:45,561,935.1155178
2015-03-19 9:00,755,972.9180331
2015-03-19 9:15,612,880.6993937
2015-03-19 9:30,628,904.7179406
2015-03-19 9:45,414,1024.091385
2015-03-19 10:00,607,1041.440524
2015-03-19 10:15,523,985.6448925
2015-03-19 10:30,526,1010.45608
2015-03-19 10:45,598,915.7992075
2015-03-19 11:00,608,888.6188901
2015-03-19 11:15,629,1008.871404
2015-03-19 11:30,636,1048.665197
2015-03-19 11:45,583,1078.377409
2015-03-19 12:00,536,1003.403953
2015-03-19 12:15,364,1112.435724
2015-03-19 12:30,633,846.8886216
2015-03-19 12:45,635,994.7478765
2015-03-19 13:00,623,970.4846201
2015-03-19 13:15,525,1042.439236
2015-03-19 13:30,671,1112.902197
2015-03-19 13:45,653,1107.740203
2015-03-19 14:00,579,909.6110352
2015-03-19 14:15,643,954.1254674
2015-03-19 14:30,684,993.7701496
2015-03-19 14:45,678,1025.94602
2015-03-19 15:00,497,1067.233065
2015-03-19 15:15,658,1073.372445
2015-03-19 15:30,622,946.6556587
2015-03-19 15:45,574,963.6089983
2015-03-19 16:00,641,1001.195656
2015-03-19 16:15,708,1034.58798
2015-03-19 16:30,711,1079.484148
2015-03-19 16:45,705,1077.978204
2015-03-19 17:00,706,976.4001759
2015-03-19 17:15,558,1022.856075
2015-03-19 17:30,627,1021.152504
2015-03-19 17:45,634,1020.515263
2015-03-19 18:00,614,1043.91327
2015-03-19 18:15,664,974.0956808
2015-03-19 18:30,620,1037.450045
2015-03-19 18:45,623,1000.46976
2015-03-19 19:00,613,1011.900538
2015-03-19 19:15,619,1053.149191
2015-03-19 19:30,416,979.3524902
2015-03-19 19:45,530,1024.045091
2015-03-19 20:00,368,1038.188108
2015-03-19 20:15,484,1103.409577
2015-03-19 20:30,392,1079.711819
2015-03-19 20:45,501,1037.502867
2015-03-19 21:00,489,1018.183449
2015-03-19 21:15,528,1013.050216
2015-03-19 21:30,555,1014.157272
2015-03-19 21:45,431,1075.326646
2015-03-19 22:00,512,1073.579479
2015-03-19 22:15,456,1061.447544
2015-03-19 22:30,489,1061.511801
2015-03-19 22:45,536,1055.374632
2015-03-19 23:00,571,1043.312835
2015-03-19 23:15,534,1031.277434
2015-03-19 23:30,458,1068.943426
2015-03-19 23:45,548,1056.06994
2015-03-20 0:00,475,1061.702287
2015-03-20 0:15,528,1023.604913
2015-03-20 0:30,549,1037.185982
2015-03-20 0:45,519,1024.131688
2015-03-20 1:00,553,1074.772509
2015-03-20 1:15,512,1098.431215
2015-03-20 1:30,586,975.0414537
2015-03-20 1:45,457,1039.372234
2015-03-20 2:00,526,989.9648061
2015-03-20 2:15,560,1039.540089
2015-03-20 2:30,582,1018.243856
2015-03-20 2:45,532,1038.479829
2015-03-20 3:00,470,991.8958957
2015-03-20 3:15,242,1062.371218
2015-03-20 3:30,355,963.9855058
2015-03-20 3:45,526,1000.514379
2015-03-20 4:00,505,1006.461223
2015-03-20 4:15,560,1031.63587
2015-03-20 4:30,614,976.5601979
2015-03-20 4:45,373,1061.170993
2015-03-20 5:00,351,1043.264335
2015-03-20 5:15,459,1014.039669
2015-03-20 5:30,554,995.503154
2015-03-20 5:45,514,996.0404029
2015-03-20 6:00,632,1013.153024
2015-03-20 6:15,589,1006.216762
2015-03-20 6:30,426,1062.306785
2015-03-20 6:45,443,1018.014326
2015-03-20 7:00,514,965.1273749
2015-03-20 7:15,524,1025.342972
2015-03-20 7:30,607,966.6429553
2015-03-20 7:45,569,987.3420511
2015-03-20 8:00,542,998.2895583
2015-03-20 8:15,382,1064.705344
2015-03-20 8:30,589,1032.765188
2015-03-20 8:45,509,935.1155178
2015-03-20 9:00,438,972.9180331
2015-03-20 9:15,583,880.6993937
2015-03-20 9:30,589,904.7179406
2015-03-20 9:45,577,1024.091385
2015-03-20 10:00,557,1041.440524
2015-03-20 10:15,523,985.6448925
2015-03-20 10:30,492,1010.45608
2015-03-20 10:45,380,915.7992075
2015-03-20 11:00,556,888.6188901
2015-03-20 11:15,605,1008.871404
2015-03-20 11:30,583,1048.665197
2015-03-20 11:45,513,1078.377409
2015-03-20 12:00,612,1003.403953
2015-03-20 12:15,627,1112.435724
2015-03-20 12:30,521,846.8886216
2015-03-20 12:45,600,994.7478765
2015-03-20 13:00,653,970.4846201
2015-03-20 13:15,633,1042.439236
2015-03-20 13:30,506,1112.902197
2015-03-20 13:45,705,1107.740203
2015-03-20 14:00,576,909.6110352
2015-03-20 14:15,547,954.1254674
2015-03-20 14:30,659,993.7701496
2015-03-20 14:45,667,1025.94602
2015-03-20 15:00,692,1067.233065
2015-03-20 15:15,560,1073.372445
2015-03-20 15:30,638,946.6556587
2015-03-20 15:45,538,963.6089983
2015-03-20 16:00,577,1001.195656
2015-03-20 16:15,579,1034.58798
2015-03-20 16:30,682,1079.484148
2015-03-20 16:45,705,1077.978204
2015-03-20 17:00,612,976.4001759
2015-03-20 17:15,603,1022.856075
2015-03-20 17:30,573,1021.152504
2015-03-20 17:45,634,1020.515263
2015-03-20 18:00,393,1043.91327
2015-03-20 18:15,542,974.0956808
2015-03-20 18:30,301,1037.450045
2015-03-20 18:45,450,1000.46976
2015-03-20 19:00,444,1011.900538
2015-03-20 19:15,483,1053.149191
2015-03-20 19:30,460,979.3524902
2015-03-20 19:45,495,1024.045091
2015-03-20 20:00,473,1038.188108
2015-03-20 20:15,463,1103.409577
2015-03-20 20:30,463,1079.711819
2015-03-20 20:45,519,1037.502867
2015-03-20 21:00,532,1018.183449
2015-03-20 21:15,548,1013.050216
2015-03-20 21:30,515,1014.157272
2015-03-20 21:45,575,1075.326646
2015-03-20 22:00,472,1073.579479
2015-03-20 22:15,535,1061.447544
2015-03-20 22:30,510,1061.511801
2015-03-20 22:45,572,1055.374632
2015-03-20 23:00,481,1043.312835
2015-03-20 23:15,632,1031.277434
2015-03-20 23:30,556,1068.943426
2015-03-20 23:45,445,1056.06994
2015-03-21 0:00,506,1061.702287
2015-03-21 0:15,477,1023.604913
2015-03-21 0:30,523,1037.185982
2015-03-21 0:45,544,1024.131688
2015-03-21 1:00,449,1074.772509
2015-03-21 1:15,517,1098.431215
2015-03-21 1:30,465,975.0414537
2015-03-21 1:45,401,1039.372234
2015-03-21 2:00,326,989.9648061
2015-03-21 2:15,478,1039.540089
2015-03-21 2:30,565,1018.243856
2015-03-21 2:45,564,1038.479829
2015-03-21 3:00,587,991.8958957
2015-03-21 3:15,386,1062.371218
2015-03-21 3:30,408,963.9855058
2015-03-21 3:45,502,1000.514379
2015-03-21 4:00,509,1006.461223
2015-03-21 4:15,529,1031.63587
2015-03-21 4:30,581,976.5601979
2015-03-21 4:45,627,1061.170993
2015-03-21 5:00,379,1043.264335
2015-03-21 5:15,446,1014.039669
2015-03-21 5:30,505,995.503154
2015-03-21 5:45,562,996.0404029
2015-03-21 6:00,499,1013.153024
2015-03-21 6:15,572,1006.216762
2015-03-21 6:30,549,1062.306785
2015-03-21 6:45,453,1018.014326
2015-03-21 7:00,505,965.1273749
2015-03-21 7:15,490,1025.342972
2015-03-21 7:30,0,966.6429553
2015-03-21 7:45,545,987.3420511
2015-03-21 8:00,625,998.2895583
2015-03-21 8:15,446,1064.705344
2015-03-21 8:30,543,1032.765188
2015-03-21 8:45,512,935.1155178
2015-03-21 9:00,537,972.9180331
2015-03-21 9:15,412,880.6993937
2015-03-21 9:30,606,904.7179406
2015-03-21 9:45,620,1024.091385
2015-03-21 10:00,595,1041.440524
2015-03-21 10:15,496,985.6448925
2015-03-21 10:30,563,1010.45608
2015-03-21 10:45,636,915.7992075
2015-03-21 11:00,546,888.6188901
2015-03-21 11:15,579,1008.871404
2015-03-21 11:30,578,1048.665197
2015-03-21 11:45,630,1078.377409
2015-03-21 12:00,487,1003.403953
2015-03-21 12:15,590,1112.435724
2015-03-21 12:30,552,846.8886216
2015-03-21 12:45,530,994.7478765
2015-03-21 13:00,605,970.4846201
2015-03-21 13:15,675,1042.439236
2015-03-21 13:30,672,1112.902197
2015-03-21 13:45,646,1107.740203
2015-03-21 14:00,608,909.6110352
2015-03-21 14:15,606,954.1254674
2015-03-21 14:30,595,993.7701496
2015-03-21 14:45,600,1025.94602
2015-03-21 15:00,646,1067.233065
2015-03-21 15:15,636,1073.372445
2015-03-21 15:30,618,946.6556587
2015-03-21 15:45,548,963.6089983
2015-03-21 16:00,550,1001.195656
2015-03-21 16:15,587,1034.58798
2015-03-21 16:30,423,1079.484148
2015-03-21 16:45,563,1077.978204
2015-03-21 17:00,330,976.4001759
2015-03-21 17:15,435,1022.856075
2015-03-21 17:30,447,1021.152504
2015-03-21 17:45,467,1020.515263
2015-03-21 18:00,493,1043.91327
2015-03-21 18:15,495,974.0956808
2015-03-21 18:30,512,1037.450045
2015-03-21 18:45,426,1000.46976
2015-03-21 19:00,431,1011.900538
2015-03-21 19:15,451,1053.149191
2015-03-21 19:30,484,979.3524902
2015-03-21 19:45,518,1024.045091
2015-03-21 20:00,537,1038.188108
2015-03-21 20:15,570,1103.409577
2015-03-21 20:30,471,1079.711819
2015-03-21 20:45,490,1037.502867
2015-03-21 21:00,490,1018.183449
2015-03-21 21:15,511,1013.050216
2015-03-21 21:30,527,1014.157272
2015-03-21 21:45,577,1075.326646
2015-03-21 22:00,588,1073.579479
2015-03-21 22:15,406,1061.447544
2015-03-21 22:30,451,1061.511801
2015-03-21 22:45,419,1055.374632
2015-03-21 23:00,581,1043.312835
2015-03-21 23:15,562,1031.277434
2015-03-21 23:30,676,1068.943426
2015-03-21 23:45,542,1056.06994
2015-03-22 0:00,468,1061.702287
2015-03-22 0:15,232,1023.604913
2015-03-22 0:30,351,1037.185982
2015-03-22 0:45,522,1024.131688
2015-03-22 1:00,538,1074.772509
2015-03-22 1:15,574,1098.431215
2015-03-22 1:30,581,975.0414537
2015-03-22 1:45,402,1039.372234
2015-03-22 2:00,391,989.9648061
2015-03-22 2:15,458,1039.540089
2015-03-22 2:30,584,1018.243856
2015-03-22 2:45,546,1038.479829
2015-03-22 3:00,592,991.8958957
2015-03-22 3:15,600,1062.371218
2015-03-22 3:30,379,963.9855058
2015-03-22 3:45,429,1000.514379
2015-03-22 4:00,439,1006.461223
2015-03-22 4:15,523,1031.63587
2015-03-22 4:30,703,976.5601979
2015-03-22 4:45,565,1061.170993
2015-03-22 5:00,556,1043.264335
2015-03-22 5:15,356,1014.039669
2015-03-22 5:30,508,995.503154
2015-03-22 5:45,466,996.0404029
2015-03-22 6:00,0,1013.153024
2015-03-22 6:15,572,1006.216762
2015-03-22 6:30,524,1062.306785
2015-03-22 6:45,393,1018.014326
2015-03-22 7:00,540,965.1273749
2015-03-22 7:15,462,1025.342972
2015-03-22 7:30,604,966.6429553
2015-03-22 7:45,376,987.3420511
2015-03-22 8:00,593,998.2895583
2015-03-22 8:15,556,1064.705344
2015-03-22 8:30,595,1032.765188
2015-03-22 8:45,479,935.1155178
2015-03-22 9:00,570,972.9180331
2015-03-22 9:15,546,880.6993937
2015-03-22 9:30,574,904.7179406
2015-03-22 9:45,625,1024.091385
2015-03-22 10:00,628,1041.440524
2015-03-22 10:15,607,985.6448925
2015-03-22 10:30,478,1010.45608
2015-03-22 10:45,661,915.7992075
2015-03-22 11:00,376,888.6188901
2015-03-22 11:15,604,1008.871404
2015-03-22 11:30,553,1048.665197
2015-03-22 11:45,659,1078.377409
2015-03-22 12:00,737,1003.403953
2015-03-22 12:15,553,1112.435724
2015-03-22 12:30,543,846.8886216
2015-03-22 12:45,525,994.7478765
2015-03-22 13:00,579,970.4846201
2015-03-22 13:15,664,1042.439236
2015-03-22 13:30,627,1112.902197
2015-03-22 13:45,608,1107.740203
2015-03-22 14:00,570,909.6110352
2015-03-22 14:15,559,954.1254674
2015-03-22 14:30,594,993.7701496
2015-03-22 14:45,635,1025.94602
2015-03-22 15:00,351,1067.233065
2015-03-22 15:15,452,1073.372445
2015-03-22 15:30,358,946.6556587
2015-03-22 15:45,434,963.6089983
2015-03-22 16:00,401,1001.195656
2015-03-22 16:15,470,1034.58798
2015-03-22 16:30,456,1079.484148
2015-03-22 16:45,491,1077.978204
2015-03-22 17:00,445,976.4001759
2015-03-22 17:15,389,1022.856075
2015-03-22 17:30,413,1021.152504
2015-03-22 17:45,478,1020.515263
2015-03-22 18:00,494,1043.91327
2015-03-22 18:15,481,974.0956808
2015-03-22 18:30,507,1037.450045
2015-03-22 18:45,521,1000.46976
2015-03-22 19:00,476,1011.900538
2015-03-22 19:15,455,1053.149191
2015-03-22 19:30,459,979.3524902
2015-03-22 19:45,516,1024.045091
2015-03-22 20:00,488,1038.188108
2015-03-22 20:15,554,1103.409577
2015-03-22 20:30,541,1079.711819
2015-03-22 20:45,454,1037.502867
2015-03-22 21:00,511,1018.183449
2015-03-22 21:15,419,1013.050216
2015-03-22 21:30,502,1014.157272
2015-03-22 21:45,516,1075.326646
2015-03-22 22:00,598,1073.579479
2015-03-22 22:15,549,1061.447544
2015-03-22 22:30,472,1061.511801
2015-03-22 22:45,468,1055.374632
2015-03-22 23:00,319,1043.312835
2015-03-22 23:15,559,1031.277434
2015-03-22 23:30,544,1068.943426
2015-03-22 23:45,476,1056.06994
2015-03-23 0:00,511,1061.702287
2015-03-23 0:15,359,1023.604913
2015-03-23 0:30,340,1037.185982
2015-03-23 0:45,422,1024.131688
2015-03-23 1:00,525,1074.772509
2015-03-23 1:15,509,1098.431215
2015-03-23 1:30,550,975.0414537
2015-03-23 1:45,490,1039.372234
2015-03-23 2:00,365,989.9648061
2015-03-23 2:15,428,1039.540089
2015-03-23 2:30,478,1018.243856
2015-03-23 2:45,469,1038.479829
2015-03-23 3:00,570,991.8958957
2015-03-23 3:15,488,1062.371218
2015-03-23 3:30,576,963.9855058
2015-03-23 3:45,430,1000.514379
2015-03-23 4:00,438,1006.461223
2015-03-23 4:15,456,1031.63587
2015-03-23 4:30,0,976.5601979
2015-03-23 4:45,549,1061.170993
2015-03-23 5:00,518,1043.264335
2015-03-23 5:15,407,1014.039669
2015-03-23 5:30,534,995.503154
2015-03-23 5:45,431,996.0404029
2015-03-23 6:00,467,1013.153024
2015-03-23 6:15,392,1006.216762
2015-03-23 6:30,521,1062.306785
2015-03-23 6:45,568,1018.014326
2015-03-23 7:00,588,965.1273749
2015-03-23 7:15,463,1025.342972
2015-03-23 7:30,550,966.6429553
2015-03-23 7:45,517,987.3420511
2015-03-23 8:00,557,998.2895583
2015-03-23 8:15,550,1064.705344
2015-03-23 8:30,532,1032.765188
2015-03-23 8:45,569,935.1155178
2015-03-23 9:00,470,972.9180331
2015-03-23 9:15,690,880.6993937
2015-03-23 9:30,0,904.7179406
2015-03-23 9:45,561,1024.091385
2015-03-23 10:00,574,1041.440524
2015-03-23 10:15,629,985.6448925
2015-03-23 10:30,572,1010.45608
2015-03-23 10:45,550,915.7992075
2015-03-23 11:00,546,888.6188901
2015-03-23 11:15,490,1008.871404
2015-03-23 11:30,607,1048.665197
2015-03-23 11:45,563,1078.377409
2015-03-23 12:00,537,1003.403953
2015-03-23 12:15,592,1112.435724
2015-03-23 12:30,529,846.8886216
2015-03-23 12:45,515,994.7478765
2015-03-23 13:00,512,970.4846201
2015-03-23 13:15,580,1042.439236
2015-03-23 13:30,373,1112.902197
2015-03-23 13:45,456,1107.740203
2015-03-23 14:00,324,909.6110352
2015-03-23 14:15,397,954.1254674
2015-03-23 14:30,345,993.7701496
2015-03-23 14:45,414,1025.94602
2015-03-23 15:00,376,1067.233065
2015-03-23 15:15,393,1073.372445
2015-03-23 15:30,441,946.6556587
2015-03-23 15:45,416,963.6089983
2015-03-23 16:00,417,1001.195656
2015-03-23 16:15,422,1034.58798
2015-03-23 16:30,496,1079.484148
2015-03-23 16:45,437,1077.978204
2015-03-23 17:00,483,976.4001759
2015-03-23 17:15,471,1022.856075
2015-03-23 17:30,497,1021.152504
2015-03-23 17:45,419,1020.515263
2015-03-23 18:00,474,1043.91327
2015-03-23 18:15,447,974.0956808
2015-03-23 18:30,456,1037.450045
2015-03-23 18:45,474,1000.46976
2015-03-23 19:00,490,1011.900538
2015-03-23 19:15,440,1053.149191
2015-03-23 19:30,451,979.3524902
2015-03-23 19:45,390,1024.045091
2015-03-23 20:00,443,1038.188108
2015-03-23 20:15,425,1103.409577
2015-03-23 20:30,514,1079.711819
2015-03-23 20:45,483,1037.502867
2015-03-23 21:00,434,1018.183449
2015-03-23 21:15,338,1013.050216
2015-03-23 21:30,316,1014.157272
2015-03-23 21:45,435,1075.326646
2015-03-23 22:00,439,1073.579479
2015-03-23 22:15,475,1061.447544
2015-03-23 22:30,445,1061.511801
2015-03-23 22:45,338,1055.374632
2015-03-23 23:00,230,1043.312835
2015-03-23 23:15,400,1031.277434
2015-03-23 23:30,411,1068.943426
2015-03-23 23:45,434,1056.06994
2015-03-24 0:00,491,1061.702287
2015-03-24 0:15,511,1023.604913
2015-03-24 0:30,376,1037.185982
2015-03-24 0:45,372,1024.131688
2015-03-24 1:00,434,1074.772509
2015-03-24 1:15,429,1098.431215
2015-03-24 1:30,437,975.0414537
2015-03-24 1:45,465,1039.372234
2015-03-24 2:00,491,989.9648061
2015-03-24 2:15,399,1039.540089
2015-03-24 2:30,444,1018.243856
2015-03-24 2:45,405,1038.479829
2015-03-24 3:00,0,991.8958957
2015-03-24 3:15,460,1062.371218
2015-03-24 3:30,489,963.9855058
2015-03-24 3:45,474,1000.514379
2015-03-24 4:00,506,1006.461223
2015-03-24 4:15,388,1031.63587
2015-03-24 4:30,408,976.5601979
2015-03-24 4:45,351,1061.170993
2015-03-24 5:00,510,1043.264335
2015-03-24 5:15,489,1014.039669
2015-03-24 5:30,485,995.503154
2015-03-24 5:45,491,996.0404029
2015-03-24 6:00,481,1013.153024
2015-03-24 6:15,432,1006.216762
2015-03-24 6:30,520,1062.306785
2015-03-24 6:45,495,1018.014326
2015-03-24 7:00,513,965.1273749
2015-03-24 7:15,498,1025.342972
2015-03-24 7:30,11,966.6429553
2015-03-24 7:45,607,987.3420511
2015-03-24 8:00,0,998.2895583
2015-03-24 8:15,495,1064.705344
2015-03-24 8:30,507,1032.765188
2015-03-24 8:45,526,935.1155178
2015-03-24 9:00,538,972.9180331
2015-03-24 9:15,530,880.6993937
2015-03-24 9:30,529,904.7179406
2015-03-24 9:45,426,1024.091385
2015-03-24 10:00,482,1041.440524
2015-03-24 10:15,507,985.6448925
2015-03-24 10:30,491,1010.45608
2015-03-24 10:45,521,915.7992075
2015-03-24 11:00,482,888.6188901
2015-03-24 11:15,479,1008.871404
2015-03-24 11:30,472,1048.665197
2015-03-24 11:45,490,1078.377409
2015-03-24 12:00,304,1003.403953
2015-03-24 12:15,449,1112.435724
2015-03-24 12:30,304,846.8886216
2015-03-24 12:45,353,994.7478765
2015-03-24 13:00,410,970.4846201
2015-03-24 13:15,394,1042.439236
2015-03-24 13:30,414,1112.902197
2015-03-24 13:45,419,1107.740203
2015-03-24 14:00,409,909.6110352
2015-03-24 14:15,428,954.1254674
2015-03-24 14:30,402,993.7701496
2015-03-24 14:45,400,1025.94602
2015-03-24 15:00,412,1067.233065
2015-03-24 15:15,426,1073.372445
2015-03-24 15:30,422,946.6556587
2015-03-24 15:45,511,963.6089983
2015-03-24 16:00,481,1001.195656
2015-03-24 16:15,395,1034.58798
2015-03-24 16:30,422,1079.484148
2015-03-24 16:45,430,1077.978204
2015-03-24 17:00,433,976.4001759
2015-03-24 17:15,445,1022.856075
2015-03-24 17:30,467,1021.152504
2015-03-24 17:45,430,1020.515263
2015-03-24 18:00,406,1043.91327
2015-03-24 18:15,353,974.0956808
2015-03-24 18:30,397,1037.450045
2015-03-24 18:45,434,1000.46976
2015-03-24 19:00,360,1011.900538
2015-03-24 19:15,460,1053.149191
2015-03-24 19:30,461,979.3524902
2015-03-24 19:45,363,1024.045091
2015-03-24 20:00,271,1038.188108
2015-03-24 20:15,432,1103.409577
2015-03-24 20:30,362,1079.711819
2015-03-24 20:45,477,1037.502867
2015-03-24 21:00,410,1018.183449
2015-03-24 21:15,349,1013.050216
2015-03-24 21:30,494,1014.157272
2015-03-24 21:45,380,1075.326646
2015-03-24 22:00,416,1073.579479
2015-03-24 22:15,428,1061.447544
2015-03-24 22:30,463,1061.511801
2015-03-24 22:45,495,1055.374632
2015-03-24 23:00,373,1043.312835
2015-03-24 23:15,358,1031.277434
2015-03-24 23:30,392,1068.943426
2015-03-24 23:45,413,1056.06994
2015-03-25 0:00,179,1061.702287
2015-03-25 0:15,491,1023.604913
2015-03-25 0:30,449,1037.185982
2015-03-25 0:45,433,1024.131688
2015-03-25 1:00,434,1074.772509
2015-03-25 1:15,414,1098.431215
2015-03-25 1:30,0,975.0414537
2015-03-25 1:45,439,1039.372234
2015-03-25 2:00,436,989.9648061
2015-03-25 2:15,502,1039.540089
2015-03-25 2:30,495,1018.243856
2015-03-25 2:45,365,1038.479829
2015-03-25 3:00,395,991.8958957
2015-03-25 3:15,337,1062.371218
2015-03-25 3:30,437,963.9855058
2015-03-25 3:45,454,1000.514379
2015-03-25 4:00,518,1006.461223
2015-03-25 4:15,509,1031.63587
2015-03-25 4:30,451,976.5601979
2015-03-25 4:45,450,1061.170993
2015-03-25 5:00,480,1043.264335
2015-03-25 5:15,464,1014.039669
2015-03-25 5:30,457,995.503154
2015-03-25 5:45,461,996.0404029
2015-03-25 6:00,0,1013.153024
2015-03-25 6:15,530,1006.216762
2015-03-25 6:30,0,1062.306785
2015-03-25 6:45,507,1018.014326
2015-03-25 7:00,495,965.1273749
2015-03-25 7:15,542,1025.342972
2015-03-25 7:30,542,966.6429553
2015-03-25 7:45,529,987.3420511
2015-03-25 8:00,470,998.2895583
2015-03-25 8:15,429,1064.705344
2015-03-25 8:30,464,1032.765188
2015-03-25 8:45,447,935.1155178
2015-03-25 9:00,548,972.9180331
2015-03-25 9:15,524,880.6993937
2015-03-25 9:30,472,904.7179406
2015-03-25 9:45,416,1024.091385
2015-03-25 10:00,386,1041.440524
2015-03-25 10:15,511,985.6448925
2015-03-25 10:30,318,1010.45608
2015-03-25 10:45,401,915.7992075
2015-03-25 11:00,333,888.6188901
2015-03-25 11:15,341,1008.871404
2015-03-25 11:30,362,1048.665197
2015-03-25 11:45,394,1078.377409
2015-03-25 12:00,398,1003.403953
2015-03-25 12:15,382,1112.435724
2015-03-25 12:30,416,846.8886216
2015-03-25 12:45,416,994.7478765
2015-03-25 13:00,329,970.4846201
2015-03-25 13:15,400,1042.439236
2015-03-25 13:30,416,1112.902197
2015-03-25 13:45,466,1107.740203
2015-03-25 14:00,418,909.6110352
2015-03-25 14:15,422,954.1254674
2015-03-25 14:30,463,993.7701496
2015-03-25 14:45,372,1025.94602
2015-03-25 15:00,383,1067.233065
2015-03-25 15:15,458,1073.372445
2015-03-25 15:30,428,946.6556587
2015-03-25 15:45,447,963.6089983
2015-03-25 16:00,483,1001.195656
2015-03-25 16:15,425,1034.58798
2015-03-25 16:30,375,1079.484148
2015-03-25 16:45,379,1077.978204
2015-03-25 17:00,385,976.4001759
2015-03-25 17:15,423,1022.856075
2015-03-25 17:30,460,1021.152504
2015-03-25 17:45,393,1020.515263
2015-03-25 18:00,436,1043.91327
2015-03-25 18:15,342,974.0956808
2015-03-25 18:30,287,1037.450045
2015-03-25 18:45,384,1000.46976
2015-03-25 19:00,437,1011.900538
2015-03-25 19:15,455,1053.149191
2015-03-25 19:30,469,979.3524902
2015-03-25 19:45,377,1024.045091
2015-03-25 20:00,405,1038.188108
2015-03-25 20:15,398,1103.409577
2015-03-25 20:30,451,1079.711819
2015-03-25 20:45,434,1037.502867
2015-03-25 21:00,463,1018.183449
2015-03-25 21:15,472,1013.050216
2015-03-25 21:30,364,1014.157272
2015-03-25 21:45,346,1075.326646
2015-03-25 22:00,392,1073.579479
2015-03-25 22:15,418,1061.447544
2015-03-25 22:30,967,1061.511801
2015-03-25 22:45,392,1055.374632
2015-03-25 23:00,434,1043.312835
2015-03-25 23:15,365,1031.277434
2015-03-25 23:30,355,1068.943426
2015-03-25 23:45,427,1056.06994
2015-03-26 0:00,0,1061.702287
2015-03-26 0:15,443,1023.604913
2015-03-26 0:30,442,1037.185982
2015-03-26 0:45,451,1024.131688
2015-03-26 1:00,514,1074.772509
2015-03-26 1:15,353,1098.431215
2015-03-26 1:30,414,975.0414537
2015-03-26 1:45,307,1039.372234
2015-03-26 2:00,408,989.9648061
2015-03-26 2:15,445,1039.540089
2015-03-26 2:30,473,1018.243856
2015-03-26 2:45,452,1038.479829
2015-03-26 3:00,458,991.8958957
2015-03-26 3:15,423,1062.371218
2015-03-26 3:30,439,963.9855058
2015-03-26 3:45,512,1000.514379
2015-03-26 4:00,480,1006.461223
2015-03-26 4:15,491,1031.63587
2015-03-26 4:30,0,976.5601979
2015-03-26 4:45,468,1061.170993
2015-03-26 5:00,0,1043.264335
2015-03-26 5:15,481,1014.039669
2015-03-26 5:30,499,995.503154
2015-03-26 5:45,542,996.0404029
2015-03-26 6:00,506,1013.153024
2015-03-26 6:15,535,1006.216762
2015-03-26 6:30,441,1062.306785
2015-03-26 6:45,414,1018.014326
2015-03-26 7:00,454,965.1273749
2015-03-26 7:15,483,1025.342972
2015-03-26 7:30,464,966.6429553
2015-03-26 7:45,555,987.3420511
2015-03-26 8:00,486,998.2895583
2015-03-26 8:15,410,1064.705344
2015-03-26 8:30,405,1032.765188
2015-03-26 8:45,439,935.1155178
2015-03-26 9:00,282,972.9180331
2015-03-26 9:15,363,880.6993937
2015-03-26 9:30,277,904.7179406
2015-03-26 9:45,376,1024.091385
2015-03-26 10:00,306,1041.440524
2015-03-26 10:15,360,985.6448925
2015-03-26 10:30,364,1010.45608
2015-03-26 10:45,342,915.7992075
2015-03-26 11:00,377,888.6188901
2015-03-26 11:15,373,1008.871404
2015-03-26 11:30,309,1048.665197
2015-03-26 11:45,300,1078.377409
2015-03-26 12:00,322,1003.403953
2015-03-26 12:15,404,1112.435724
2015-03-26 12:30,411,846.8886216
2015-03-26 12:45,434,994.7478765
2015-03-26 13:00,422,970.4846201
2015-03-26 13:15,356,1042.439236
2015-03-26 13:30,342,1112.902197
2015-03-26 13:45,371,1107.740203
2015-03-26 14:00,391,909.6110352
2015-03-26 14:15,421,954.1254674
2015-03-26 14:30,495,993.7701496
2015-03-26 14:45,379,1025.94602
2015-03-26 15:00,349,1067.233065
2015-03-26 15:15,327,1073.372445
2015-03-26 15:30,359,946.6556587
2015-03-26 15:45,381,963.6089983
2015-03-26 16:00,389,1001.195656
2015-03-26 16:15,419,1034.58798
2015-03-26 16:30,394,1079.484148
2015-03-26 16:45,377,1077.978204
2015-03-26 17:00,308,976.4001759
2015-03-26 17:15,389,1022.856075
2015-03-26 17:30,359,1021.152504
2015-03-26 17:45,398,1020.515263
2015-03-26 18:00,401,1043.91327
2015-03-26 18:15,324,974.0956808
2015-03-26 18:30,352,1037.450045
2015-03-26 18:45,341,1000.46976
2015-03-26 19:00,345,1011.900538
2015-03-26 19:15,374,1053.149191
2015-03-26 19:30,388,979.3524902
2015-03-26 19:45,388,1024.045091
2015-03-26 20:00,347,1038.188108
2015-03-26 20:15,349,1103.409577
2015-03-26 20:30,363,1079.711819
2015-03-26 20:45,377,1037.502867
2015-03-26 21:00,525,1018.183449
2015-03-26 21:15,369,1013.050216
2015-03-26 21:30,439,1014.157272
2015-03-26 21:45,343,1075.326646
2015-03-26 22:00,372,1073.579479
2015-03-26 22:15,314,1061.447544
2015-03-26 22:30,0,1061.511801
2015-03-26 22:45,382,1055.374632
2015-03-26 23:00,387,1043.312835
2015-03-26 23:15,422,1031.277434
2015-03-26 23:30,425,1068.943426
2015-03-26 23:45,322,1056.06994
2015-03-27 0:00,325,1061.702287
2015-03-27 0:15,306,1023.604913
2015-03-27 0:30,384,1037.185982
2015-03-27 0:45,409,1024.131688
2015-03-27 1:00,435,1074.772509
2015-03-27 1:15,444,1098.431215
2015-03-27 1:30,390,975.0414537
2015-03-27 1:45,398,1039.372234
2015-03-27 2:00,335,989.9648061
2015-03-27 2:15,409,1039.540089
2015-03-27 2:30,366,1018.243856
2015-03-27 2:45,402,1038.479829
2015-03-27 3:00,0,991.8958957
2015-03-27 3:15,408,1062.371218
2015-03-27 3:30,0,963.9855058
2015-03-27 3:45,397,1000.514379
2015-03-27 4:00,408,1006.461223
2015-03-27 4:15,402,1031.63587
2015-03-27 4:30,482,976.5601979
2015-03-27 4:45,510,1061.170993
2015-03-27 5:00,383,1043.264335
2015-03-27 5:15,386,1014.039669
2015-03-27 5:30,415,995.503154
2015-03-27 5:45,386,996.0404029
2015-03-27 6:00,379,1013.153024
2015-03-27 6:15,449,1006.216762
2015-03-27 6:30,466,1062.306785
2015-03-27 6:45,370,1018.014326
2015-03-27 7:00,375,965.1273749
2015-03-27 7:15,425,1025.342972
2015-03-27 7:30,275,966.6429553
2015-03-27 7:45,349,987.3420511
2015-03-27 8:00,259,998.2895583
2015-03-27 8:15,314,1064.705344
2015-03-27 8:30,297,1032.765188
2015-03-27 8:45,315,935.1155178
2015-03-27 9:00,332,972.9180331
2015-03-27 9:15,302,880.6993937
2015-03-27 9:30,307,904.7179406
2015-03-27 9:45,318,1024.091385
2015-03-27 10:00,263,1041.440524
2015-03-27 10:15,334,985.6448925
2015-03-27 10:30,339,1010.45608
2015-03-27 10:45,314,915.7992075
2015-03-27 11:00,314,888.6188901
2015-03-27 11:15,343,1008.871404
2015-03-27 11:30,383,1048.665197
2015-03-27 11:45,279,1078.377409
2015-03-27 12:00,295,1003.403953
2015-03-27 12:15,304,1112.435724
2015-03-27 12:30,311,846.8886216
2015-03-27 12:45,366,994.7478765
2015-03-27 13:00,431,970.4846201
2015-03-27 13:15,410,1042.439236
2015-03-27 13:30,303,1112.902197
2015-03-27 13:45,236,1107.740203
2015-03-27 14:00,256,909.6110352
2015-03-27 14:15,316,954.1254674
2015-03-27 14:30,300,993.7701496
2015-03-27 14:45,351,1025.94602
2015-03-27 15:00,359,1067.233065
2015-03-27 15:15,322,1073.372445
2015-03-27 15:30,272,946.6556587
2015-03-27 15:45,349,963.6089983
2015-03-27 16:00,341,1001.195656
2015-03-27 16:15,338,1034.58798
2015-03-27 16:30,362,1079.484148
2015-03-27 16:45,301,1077.978204
2015-03-27 17:00,308,976.4001759
2015-03-27 17:15,283,1022.856075
2015-03-27 17:30,299,1021.152504
2015-03-27 17:45,369,1020.515263
2015-03-27 18:00,367,1043.91327
2015-03-27 18:15,416,974.0956808
2015-03-27 18:30,307,1037.450045
2015-03-27 18:45,312,1000.46976
2015-03-27 19:00,310,1011.900538
2015-03-27 19:15,317,1053.149191
2015-03-27 19:30,369,979.3524902
2015-03-27 19:45,365,1024.045091
2015-03-27 20:00,433,1038.188108
2015-03-27 20:15,307,1103.409577
2015-03-27 20:30,328,1079.711819
2015-03-27 20:45,297,1037.502867
2015-03-27 21:00,0,1018.183449
2015-03-27 21:15,322,1013.050216
2015-03-27 21:30,341,1014.157272
2015-03-27 21:45,381,1075.326646
2015-03-27 22:00,387,1073.579479
2015-03-27 22:15,308,1061.447544
2015-03-27 22:30,304,1061.511801
2015-03-27 22:45,279,1055.374632
2015-03-27 23:00,344,1043.312835
2015-03-27 23:15,447,1031.277434
2015-03-27 23:30,419,1068.943426
2015-03-27 23:45,396,1056.06994
2015-03-28 0:00,341,1061.702287
2015-03-28 0:15,341,1023.604913
2015-03-28 0:30,330,1037.185982
2015-03-28 0:45,344,1024.131688
2015-03-28 1:00,371,1074.772509
2015-03-28 1:15,352,1098.431215
2015-03-28 1:30,0,975.0414537
2015-03-28 1:45,379,1039.372234
2015-03-28 2:00,0,989.9648061
2015-03-28 2:15,340,1039.540089
2015-03-28 2:30,353,1018.243856
2015-03-28 2:45,411,1038.479829
2015-03-28 3:00,447,991.8958957
2015-03-28 3:15,444,1062.371218
2015-03-28 3:30,341,963.9855058
2015-03-28 3:45,334,1000.514379
2015-03-28 4:00,337,1006.461223
2015-03-28 4:15,344,1031.63587
2015-03-28 4:30,357,976.5601979
2015-03-28 4:45,417,1061.170993
2015-03-28 5:00,462,1043.264335
2015-03-28 5:15,305,1014.039669
2015-03-28 5:30,374,995.503154
2015-03-28 5:45,373,996.0404029
2015-03-28 6:00,256,1013.153024
2015-03-28 6:15,361,1006.216762
2015-03-28 6:30,271,1062.306785
2015-03-28 6:45,220,1018.014326
2015-03-28 7:00,270,965.1273749
2015-03-28 7:15,299,1025.342972
2015-03-28 7:30,291,966.6429553
2015-03-28 7:45,306,987.3420511
2015-03-28 8:00,327,998.2895583
2015-03-28 8:15,326,1064.705344
2015-03-28 8:30,249,1032.765188
2015-03-28 8:45,271,935.1155178
2015-03-28 9:00,291,972.9180331
2015-03-28 9:15,280,880.6993937
2015-03-28 9:30,300,904.7179406
2015-03-28 9:45,335,1024.091385
2015-03-28 10:00,326,1041.440524
2015-03-28 10:15,299,985.6448925
2015-03-28 10:30,268,1010.45608
2015-03-28 10:45,271,915.7992075
2015-03-28 11:00,335,888.6188901
2015-03-28 11:15,320,1008.871404
2015-03-28 11:30,398,1048.665197
2015-03-28 11:45,369,1078.377409
2015-03-28 12:00,294,1003.403953
2015-03-28 12:15,386,1112.435724
2015-03-28 12:30,298,846.8886216
2015-03-28 12:45,314,994.7478765
2015-03-28 13:00,382,970.4846201
2015-03-28 13:15,342,1042.439236
2015-03-28 13:30,407,1112.902197
2015-03-28 13:45,355,1107.740203
2015-03-28 14:00,252,909.6110352
2015-03-28 14:15,292,954.1254674
2015-03-28 14:30,286,993.7701496
2015-03-28 14:45,346,1025.94602
2015-03-28 15:00,359,1067.233065
2015-03-28 15:15,315,1073.372445
2015-03-28 15:30,226,946.6556587
2015-03-28 15:45,269,963.6089983
2015-03-28 16:00,318,1001.195656
2015-03-28 16:15,342,1034.58798
2015-03-28 16:30,303,1079.484148
2015-03-28 16:45,351,1077.978204
2015-03-28 17:00,306,976.4001759
2015-03-28 17:15,267,1022.856075
2015-03-28 17:30,275,1021.152504
2015-03-28 17:45,312,1020.515263
2015-03-28 18:00,324,1043.91327
2015-03-28 18:15,310,974.0956808
2015-03-28 18:30,361,1037.450045
2015-03-28 18:45,336,1000.46976
2015-03-28 19:00,308,1011.900538
2015-03-28 19:15,313,1053.149191
2015-03-28 19:30,0,979.3524902
2015-03-28 19:45,311,1024.045091
2015-03-28 20:00,445,1038.188108
2015-03-28 20:15,376,1103.409577
2015-03-28 20:30,385,1079.711819
2015-03-28 20:45,246,1037.502867
2015-03-28 21:00,294,1018.183449
2015-03-28 21:15,296,1013.050216
2015-03-28 21:30,310,1014.157272
2015-03-28 21:45,383,1075.326646
2015-03-28 22:00,367,1073.579479
2015-03-28 22:15,348,1061.447544
2015-03-28 22:30,305,1061.511801
2015-03-28 22:45,315,1055.374632
2015-03-28 23:00,300,1043.312835
2015-03-28 23:15,353,1031.277434
2015-03-28 23:30,324,1068.943426
2015-03-28 23:45,400,1056.06994
2015-03-29 0:00,0,1061.702287
2015-03-29 0:15,337,1023.604913
2015-03-29 0:30,0,1037.185982
2015-03-29 0:45,369,1024.131688
2015-03-29 1:00,371,1074.772509
2015-03-29 1:15,355,1098.431215
2015-03-29 1:30,404,975.0414537
2015-03-29 1:45,430,1039.372234
2015-03-29 2:00,315,989.9648061
2015-03-29 2:15,311,1039.540089
2015-03-29 2:30,354,1018.243856
2015-03-29 2:45,329,1038.479829
2015-03-29 3:00,363,991.8958957
2015-03-29 3:15,376,1062.371218
2015-03-29 3:30,426,963.9855058
2015-03-29 3:45,324,1000.514379
2015-03-29 4:00,312,1006.461223
2015-03-29 4:15,354,1031.63587
2015-03-29 4:30,241,976.5601979
2015-03-29 4:45,330,1061.170993
2015-03-29 5:00,274,1043.264335
2015-03-29 5:15,231,1014.039669
2015-03-29 5:30,303,995.503154
2015-03-29 5:45,277,996.0404029
2015-03-29 6:00,231,1013.153024
2015-03-29 6:15,276,1006.216762
2015-03-29 6:30,327,1062.306785
2015-03-29 6:45,318,1018.014326
2015-03-29 7:00,229,965.1273749
2015-03-29 7:15,269,1025.342972
2015-03-29 7:30,298,966.6429553
2015-03-29 7:45,283,987.3420511
2015-03-29 8:00,267,998.2895583
2015-03-29 8:15,301,1064.705344
2015-03-29 8:30,342,1032.765188
2015-03-29 8:45,313,935.1155178
2015-03-29 9:00,300,972.9180331
2015-03-29 9:15,288,880.6993937
2015-03-29 9:30,318,904.7179406
2015-03-29 9:45,305,1024.091385
2015-03-29 10:00,365,1041.440524
2015-03-29 10:15,357,985.6448925
2015-03-29 10:30,293,1010.45608
2015-03-29 10:45,278,915.7992075
2015-03-29 11:00,283,888.6188901
2015-03-29 11:15,317,1008.871404
2015-03-29 11:30,320,1048.665197
2015-03-29 11:45,358,1078.377409
2015-03-29 12:00,332,1003.403953
2015-03-29 12:15,293,1112.435724
2015-03-29 12:30,240,846.8886216
2015-03-29 12:45,301,994.7478765
2015-03-29 13:00,351,970.4846201
2015-03-29 13:15,321,1042.439236
2015-03-29 13:30,309,1112.902197
2015-03-29 13:45,308,1107.740203
2015-03-29 14:00,351,909.6110352
2015-03-29 14:15,378,954.1254674
2015-03-29 14:30,289,993.7701496
2015-03-29 14:45,306,1025.94602
2015-03-29 15:00,336,1067.233065
2015-03-29 15:15,360,1073.372445
2015-03-29 15:30,320,946.6556587
2015-03-29 15:45,277,963.6089983
2015-03-29 16:00,292,1001.195656
2015-03-29 16:15,320,1034.58798
2015-03-29 16:30,438,1079.484148
2015-03-29 16:45,329,1077.978204
2015-03-29 17:00,363,976.4001759
2015-03-29 17:15,223,1022.856075
2015-03-29 17:30,263,1021.152504
2015-03-29 17:45,277,1020.515263
2015-03-29 18:00,0,1043.91327
2015-03-29 18:15,320,974.0956808
2015-03-29 18:30,463,1037.450045
2015-03-29 18:45,371,1000.46976
2015-03-29 19:00,360,1011.900538
2015-03-29 19:15,273,1053.149191
2015-03-29 19:30,275,979.3524902
2015-03-29 19:45,245,1024.045091
2015-03-29 20:00,351,1038.188108
2015-03-29 20:15,363,1103.409577
2015-03-29 20:30,422,1079.711819
2015-03-29 20:45,378,1037.502867
2015-03-29 21:00,334,1018.183449
2015-03-29 21:15,294,1013.050216
2015-03-29 21:30,331,1014.157272
2015-03-29 21:45,333,1075.326646
2015-03-29 22:00,334,1073.579479
2015-03-29 22:15,400,1061.447544
2015-03-29 22:30,0,1061.511801
2015-03-29 22:45,331,1055.374632
2015-03-29 23:00,0,1043.312835
2015-03-29 23:15,369,1031.277434
2015-03-29 23:30,359,1068.943426
2015-03-29 23:45,352,1056.06994
2015-03-30 0:00,416,1061.702287
2015-03-30 0:15,428,1023.604913
2015-03-30 0:30,309,1037.185982
2015-03-30 0:45,308,1024.131688
2015-03-30 1:00,333,1074.772509
2015-03-30 1:15,289,1098.431215
2015-03-30 1:30,336,975.0414537
2015-03-30 1:45,404,1039.372234
2015-03-30 2:00,402,989.9648061
2015-03-30 2:15,313,1039.540089
2015-03-30 2:30,318,1018.243856
2015-03-30 2:45,378,1038.479829
2015-03-30 3:00,213,991.8958957
2015-03-30 3:15,283,1062.371218
2015-03-30 3:30,269,963.9855058
2015-03-30 3:45,216,1000.514379
2015-03-30 4:00,242,1006.461223
2015-03-30 4:15,244,1031.63587
2015-03-30 4:30,228,976.5601979
2015-03-30 4:45,246,1061.170993
2015-03-30 5:00,284,1043.264335
2015-03-30 5:15,281,1014.039669
2015-03-30 5:30,232,995.503154
2015-03-30 5:45,247,996.0404029
2015-03-30 6:00,239,1013.153024
2015-03-30 6:15,263,1006.216762
2015-03-30 6:30,282,1062.306785
2015-03-30 6:45,345,1018.014326
2015-03-30 7:00,331,965.1273749
2015-03-30 7:15,268,1025.342972
2015-03-30 7:30,284,966.6429553
2015-03-30 7:45,268,987.3420511
2015-03-30 8:00,284,998.2895583
2015-03-30 8:15,294,1064.705344
2015-03-30 8:30,292,1032.765188
2015-03-30 8:45,386,935.1155178
2015-03-30 9:00,263,972.9180331
2015-03-30 9:15,280,880.6993937
2015-03-30 9:30,250,904.7179406
2015-03-30 9:45,316,1024.091385
2015-03-30 10:00,314,1041.440524
2015-03-30 10:15,310,985.6448925
2015-03-30 10:30,276,1010.45608
2015-03-30 10:45,295,915.7992075
2015-03-30 11:00,247,888.6188901
2015-03-30 11:15,273,1008.871404
2015-03-30 11:30,300,1048.665197
2015-03-30 11:45,303,1078.377409
2015-03-30 12:00,294,1003.403953
2015-03-30 12:15,280,1112.435724
2015-03-30 12:30,328,846.8886216
2015-03-30 12:45,259,994.7478765
2015-03-30 13:00,306,970.4846201
2015-03-30 13:15,262,1042.439236
2015-03-30 13:30,295,1112.902197
2015-03-30 13:45,359,1107.740203
2015-03-30 14:00,274,909.6110352
2015-03-30 14:15,242,954.1254674
2015-03-30 14:30,259,993.7701496
2015-03-30 14:45,271,1025.94602
2015-03-30 15:00,343,1067.233065
2015-03-30 15:15,303,1073.372445
2015-03-30 15:30,341,946.6556587
2015-03-30 15:45,308,963.6089983
2015-03-30 16:00,245,1001.195656
2015-03-30 16:15,288,1034.58798
2015-03-30 16:30,0,1079.484148
2015-03-30 16:45,303,1077.978204
2015-03-30 17:00,358,976.4001759
2015-03-30 17:15,304,1022.856075
2015-03-30 17:30,400,1021.152504
2015-03-30 17:45,236,1020.515263
2015-03-30 18:00,250,1043.91327
2015-03-30 18:15,263,974.0956808
2015-03-30 18:30,313,1037.450045
2015-03-30 18:45,306,1000.46976
2015-03-30 19:00,345,1011.900538
2015-03-30 19:15,333,1053.149191
2015-03-30 19:30,280,979.3524902
2015-03-30 19:45,269,1024.045091
2015-03-30 20:00,283,1038.188108
2015-03-30 20:15,321,1103.409577
2015-03-30 20:30,317,1079.711819
2015-03-30 20:45,325,1037.502867
2015-03-30 21:00,0,1018.183449
2015-03-30 21:15,295,1013.050216
2015-03-30 21:30,0,1014.157272
2015-03-30 21:45,297,1075.326646
2015-03-30 22:00,296,1073.579479
2015-03-30 22:15,318,1061.447544
2015-03-30 22:30,348,1061.511801
2015-03-30 22:45,383,1055.374632
2015-03-30 23:00,257,1043.312835
2015-03-30 23:15,305,1031.277434
2015-03-30 23:30,303,1068.943426
2015-03-30 23:45,320,1056.06994
2015-03-31 0:00,311,1061.702287
2015-03-31 0:15,315,1023.604913
2015-03-31 0:30,373,1037.185982
2015-03-31 0:45,279,1024.131688
2015-03-31 1:00,294,1074.772509
2015-03-31 1:15,294,1098.431215
2015-03-31 1:30,208,975.0414537
2015-03-31 1:45,298,1039.372234
2015-03-31 2:00,215,989.9648061
2015-03-31 2:15,175,1039.540089
2015-03-31 2:30,218,1018.243856
2015-03-31 2:45,216,1038.479829
2015-03-31 3:00,202,991.8958957
2015-03-31 3:15,294,1062.371218
2015-03-31 3:30,256,963.9855058
2015-03-31 3:45,263,1000.514379
2015-03-31 4:00,218,1006.461223
2015-03-31 4:15,211,1031.63587
2015-03-31 4:30,228,976.5601979
2015-03-31 4:45,206,1061.170993
2015-03-31 5:00,222,1043.264335
2015-03-31 5:15,272,1014.039669
2015-03-31 5:30,309,995.503154
2015-03-31 5:45,213,996.0404029
2015-03-31 6:00,233,1013.153024
2015-03-31 6:15,234,1006.216762
2015-03-31 6:30,250,1062.306785
2015-03-31 6:45,210,1018.014326
2015-03-31 7:00,285,965.1273749
2015-03-31 7:15,323,1025.342972
2015-03-31 7:30,210,966.6429553
2015-03-31 7:45,218,987.3420511
2015-03-31 8:00,210,998.2895583
2015-03-31 8:15,229,1064.705344
2015-03-31 8:30,232,1032.765188
2015-03-31 8:45,273,935.1155178
2015-03-31 9:00,311,972.9180331
2015-03-31 9:15,287,880.6993937
2015-03-31 9:30,215,904.7179406
2015-03-31 9:45,249,1024.091385
2015-03-31 10:00,241,1041.440524
2015-03-31 10:15,255,985.6448925
2015-03-31 10:30,257,1010.45608
2015-03-31 10:45,262,915.7992075
2015-03-31 11:00,217,888.6188901
2015-03-31 11:15,218,1008.871404
2015-03-31 11:30,240,1048.665197
2015-03-31 11:45,203,1078.377409
2015-03-31 12:00,198,1003.403953
2015-03-31 12:15,330,1112.435724
2015-03-31 12:30,250,846.8886216
2015-03-31 12:45,235,994.7478765
2015-03-31 13:00,196,970.4846201
2015-03-31 13:15,222,1042.439236
2015-03-31 13:30,229,1112.902197
2015-03-31 13:45,282,1107.740203
2015-03-31 14:00,295,909.6110352
2015-03-31 14:15,292,954.1254674
2015-03-31 14:30,197,993.7701496
2015-03-31 14:45,220,1025.94602
2015-03-31 15:00,3,1067.233065
2015-03-31 15:15,253,1073.372445
2015-03-31 15:30,273,946.6556587
2015-03-31 15:45,307,963.6089983
2015-03-31 16:00,325,1001.195656
2015-03-31 16:15,194,1034.58798
2015-03-31 16:30,230,1079.484148
2015-03-31 16:45,205,1077.978204
2015-03-31 17:00,241,976.4001759
2015-03-31 17:15,239,1022.856075
2015-03-31 17:30,310,1021.152504
2015-03-31 17:45,341,1020.515263
2015-03-31 18:00,237,1043.91327
2015-03-31 18:15,238,974.0956808
2015-03-31 18:30,233,1037.450045
2015-03-31 18:45,261,1000.46976
2015-03-31 19:00,278,1011.900538
2015-03-31 19:15,328,1053.149191
2015-03-31 19:30,10,979.3524902
2015-03-31 19:45,237,1024.045091
2015-03-31 20:00,4,1038.188108
2015-03-31 20:15,244,1103.409577
2015-03-31 20:30,293,1079.711819
2015-03-31 20:45,318,1037.502867
2015-03-31 21:00,296,1018.183449
2015-03-31 21:15,339,1013.050216
2015-03-31 21:30,202,1014.157272
2015-03-31 21:45,208,1075.326646
2015-03-31 22:00,225,1073.579479
2015-03-31 22:15,254,1061.447544
2015-03-31 22:30,249,1061.511801
2015-03-31 22:45,310,1055.374632
2015-03-31 23:00,333,1043.312835
2015-03-31 23:15,224,1031.277434
2015-03-31 23:30,235,1068.943426
2015-03-31 23:45,247,1056.06994